"GEOID","NAME","tot_popE","pop_den","white_ratio","black_ratio","other_ratio","median_incomeE","less_than_hs_ratio","Commercial","HighdensityResidential","Industrial","Institutional","LowdensityResidential","ResidentialCommercial","min_station_dist"
"131210080001","Block Group 1; Census Tract 80; Fulton County; Georgia",1425,0.0028400047456964,0.167017543859649,0.832982456140351,0,29028,0.0707410972088547,0,0,0,0,98.49,1.51,1529.68179966881
"131210041003","Block Group 3; Census Tract 41; Fulton County; Georgia",1074,0.0016743470840914,0.309124767225326,0.667597765363129,0.0232774674115456,38450,0.0644959298685034,13.37,2.27,19.48,0,55.34,9.53,1635.31389808921
"131210086014","Block Group 4; Census Tract 86.01; Fulton County; Georgia",1610,0.00189226501619993,0.00745341614906832,0.983229813664596,0.0093167701863354,14520,0.208888888888889,0.1,33.19,0,0.14,65.64,0.92,499.648591101762
"130890204001","Block Group 1; Census Tract 204; DeKalb County; Georgia",1551,0.00246239213499795,0.827852998065764,0.0451321727917473,0.038039974210187,83000,0.00512557662737058,3.2,14.18,0,0,82.33,0.3,2855.13636870924
"131210005012","Block Group 2; Census Tract 5.01; Fulton County; Georgia",674,0.00205867810992611,0.146884272997033,0.532640949554896,0.225519287833828,54594,0,79.92,0,20.08,0,0,0,1530.61580725353
"131210076021","Block Group 1; Census Tract 76.02; Fulton County; Georgia",408,0.000777786703282336,0.0686274509803922,0.911764705882353,0,22195,0.12109375,0,4.44,0,0,89.91,5.66,1430.97022540667
"131210120003","Block Group 3; Census Tract 120; Fulton County; Georgia",1469,0.00138558679366927,0.056501021102791,0.842069434989789,0.0204220558202859,14323,0.100867678958785,16.48,13.59,0,0,3.58,66.35,951.329312379456
"131210053002","Block Group 2; Census Tract 53; Fulton County; Georgia",1564,0.00161379642309466,0.611892583120205,0.274936061381074,0.0153452685421995,69882,0.00540357987166498,0.55,1.22,0,0.52,96.87,0.84,439.900974044206
"131210071001","Block Group 1; Census Tract 71; Fulton County; Georgia",1359,0.001092661975582,0.00441501103752759,0.900662251655629,0.0345842531272995,23976,0.175406871609403,2.1,25.8,23.78,0,45.25,0,3939.92435111226
"131210096072","Block Group 2; Census Tract 96.07; Fulton County; Georgia",1682,0.0104264998370031,0.330558858501784,0.5,0.0814506539833531,66042,0.0119521912350598,0.15,99.73,0,0,0.08,0,1791.6899438373
"131210089082","Block Group 2; Census Tract 89.08; Fulton County; Georgia",394,0.000611408218055866,0.677664974619289,0.322335025380711,0,46808,0.08300395256917,4.27,26.78,13.3,5.03,50.61,0,1962.7425741334
"131210012063","Block Group 3; Census Tract 12.06; Fulton County; Georgia",1426,0.0395532673846464,0.622720897615708,0.0273492286115007,0.0532959326788219,96811,0,0,0.27,0,0,0,99.73,238.92973658961
"131210100072","Block Group 2; Census Tract 100.07; Fulton County; Georgia",1055,0.00171995228859301,0.763981042654028,0,0.0985781990521327,109596,0.0564568462037638,9.96,2.13,0,0,87.92,0,2232.70992782248
"131210014003","Block Group 3; Census Tract 14; Fulton County; Georgia",643,0.00343758267503605,0.799377916018662,0.0684292379471229,0.0544323483670296,82624,0.00372538584353379,0,63.79,8.47,0,23.54,4.21,1999.5295542103
"130890209022","Block Group 2; Census Tract 209.02; DeKalb County; Georgia",1326,0.00139617436573132,0.528657616892911,0.29185520361991,0.147812971342383,32772,0.00497760079641613,5.53,5.15,0,1.13,85.51,0,2853.72189195072
"131210040002","Block Group 2; Census Tract 40; Fulton County; Georgia",750,0.00141261151088952,0.266666666666667,0.674666666666667,0.00933333333333333,38239,0.0898670334708849,21.2,1.77,0,0,76.71,0.33,2073.50333126199
"131210082041","Block Group 1; Census Tract 82.04; Fulton County; Georgia",634,0.00072863726235822,0.00315457413249211,0.996845425867508,0,35229,0.0827517447657029,11.19,12.76,0,0,76.06,0,2109.72220364579
"131210075002","Block Group 2; Census Tract 75; Fulton County; Georgia",583,0.00122410419434366,0,0.898799313893654,0.0480274442538593,20670,0.142073778664008,4.62,31.51,15.34,0,29.03,18.24,2504.53027962146
"131210069003","Block Group 3; Census Tract 69; Fulton County; Georgia",1202,0.000782530094231348,0.610648918469218,0.311148086522463,0.0532445923460899,45389,0.105641394178944,1.91,8.78,2.23,31.75,54.54,0.73,1344.9542838292
"131210119012","Block Group 2; Census Tract 119.01; Fulton County; Georgia",606,0.00447916747669449,0.250825082508251,0.70957095709571,0.0396039603960396,33786,0.0450781968721251,5.64,42.48,26.49,0,0,25.38,599.96222686008
"131210019021","Block Group 1; Census Tract 19.02; Fulton County; Georgia",1002,0.00313592080433884,0.343313373253493,0.596806387225549,0.0379241516966068,61198,0.0289634146341463,98.24,1.56,0,0,0,0.2,607.055954157353
"131210024002","Block Group 2; Census Tract 24; Fulton County; Georgia",1027,0.00149207871728796,0.106134371957157,0.801363193768257,0.0155793573515093,16594,0.113624408206207,3.32,10.87,5.62,0,80.17,0,1635.56847918324
"131210071002","Block Group 2; Census Tract 71; Fulton County; Georgia",1032,0.000853112288054531,0.0726744186046512,0.904069767441861,0.0232558139534884,23976,0.175406871609403,3.42,15.76,8.72,0,66.4,5.49,3407.30563003439
"131210096051","Block Group 1; Census Tract 96.05; Fulton County; Georgia",1513,0.0158871441136858,0.717779246530073,0.132848645076008,0.0931923331130205,83722,0,100,0,0,0,0,0,579.040873379013
"131210061002","Block Group 2; Census Tract 61; Fulton County; Georgia",775,0.00174303645917732,0.12,0.88,0,25833,0.146164321379936,3.92,0,0,0,96.08,0,1033.08701797037
"131210039002","Block Group 2; Census Tract 39; Fulton County; Georgia",622,0.00171947360150904,0.0948553054662379,0.837620578778135,0.0466237942122186,18897,0.190332326283988,0,19.67,0,0.05,50.15,30.15,515.334352491103
"131210079002","Block Group 2; Census Tract 79; Fulton County; Georgia",1473,0.00108268743066466,0,1,0,46135,0.0602645761881431,0,0,0,0,100,0,3726.51697060042
"131210062002","Block Group 2; Census Tract 62; Fulton County; Georgia",558,0.00160663439005186,0.0645161290322581,0.731182795698925,0.021505376344086,33885,0.139097744360902,1.83,2.16,3.39,0,76,16.63,2538.72306447202
"131210012062","Block Group 2; Census Tract 12.06; Fulton County; Georgia",1076,0.0104119232327996,0.814126394052045,0.0232342007434944,0.162639405204461,96811,0,0,0.16,0,0,0,99.84,152.534819594868
"131210016001","Block Group 1; Census Tract 16; Fulton County; Georgia",1370,0.00272840112494836,0.902189781021898,0.0452554744525547,0.0284671532846715,85137,0.0137310606060606,6.21,44.34,0,0,39.26,10.19,3130.77310559645
"131210023002","Block Group 2; Census Tract 23; Fulton County; Georgia",488,0.001787789905031,0.0491803278688525,0.950819672131147,0,27697,0.102189781021898,1.35,8.36,0,0,75.42,14.84,1255.87216462442
"131210073014","Block Group 4; Census Tract 73.01; Fulton County; Georgia",1197,0.00180516547580385,0,0.716791979949875,0.283208020050125,32062,0.0658964484381686,1.56,24.58,0.03,0,73.12,0.7,2827.30200526074
"131210069001","Block Group 1; Census Tract 69; Fulton County; Georgia",608,0.000706943834373127,0.559210526315789,0.347039473684211,0.0805921052631579,45389,0.105641394178944,2.27,0.38,0,0,73.58,23.7,2373.89562209543
"131210119011","Block Group 1; Census Tract 119.01; Fulton County; Georgia",485,0.00136134138448953,0.531958762886598,0.445360824742268,0.022680412371134,33786,0.0450781968721251,93.24,0,0,0,0,6.76,357.395735001763
"131210002023","Block Group 3; Census Tract 2.02; Fulton County; Georgia",1630,0.00356887908495074,0.921472392638037,0,0.0319018404907975,112365,0.0415575916230366,3.33,0,4.3,0,92.36,0.01,1848.47399634063
"131210096041","Block Group 1; Census Tract 96.04; Fulton County; Georgia",976,0.00609324610731554,0.806352459016393,0,0.159836065573771,66692,0,55.63,18.88,0,0,12.02,13.45,696.756906778848
"131210083021","Block Group 1; Census Tract 83.02; Fulton County; Georgia",723,0.000712032355747264,0.00138312586445367,0.998616874135546,0,17604,0.197290431837426,0,12.78,3.5,0,83.72,0,2338.99170375393
"131210023003","Block Group 3; Census Tract 23; Fulton County; Georgia",286,0.000461925076984765,0,0.877622377622378,0,27697,0.102189781021898,0.01,20.38,36.22,0,32.58,10.77,1750.70247014392
"130890207001","Block Group 1; Census Tract 207; DeKalb County; Georgia",1206,0.00158948518586546,0.635986733001658,0.272802653399668,0.0298507462686567,58558,0.0344677137870855,21.33,1.82,5.16,0,71.7,0,682.975013864447
"131210048001","Block Group 1; Census Tract 48; Fulton County; Georgia",559,0.00625471148865512,0.282647584973166,0.583184257602862,0.0268336314847943,15907,0.0619195046439628,0.03,99.97,0,0,0,0,497.785477413386
"131210082022","Block Group 2; Census Tract 82.02; Fulton County; Georgia",928,0.00105957355448358,0,0.974137931034483,0.021551724137931,20323,0.146324054246966,0.02,0,5.12,0,92.89,1.96,1442.74615042036
"131210041002","Block Group 2; Census Tract 41; Fulton County; Georgia",632,0.0020645361769833,0.162974683544304,0.729430379746835,0.0174050632911392,38450,0.0644959298685034,0,2.43,0,0,97.51,0.05,1400.81550354374
"131210091043","Block Group 3; Census Tract 91.04; Fulton County; Georgia",933,0.00536427878281125,0.830653804930332,0.0964630225080386,0.0728831725616292,68695,0.00619674670797831,16.9,82.22,0,0.78,0.11,0,2352.12479715532
"131210094091","Block Group 1; Census Tract 94.09; Fulton County; Georgia",949,0.00411531650021949,0.308746048472076,0.596417281348788,0.0769230769230769,43281,0.0857338820301783,0,51.14,0,0,48.87,0,1273.42528590532
"131210073012","Block Group 2; Census Tract 73.01; Fulton County; Georgia",1480,0.00269830738370369,0,0.917567567567568,0,32062,0.0658964484381686,0,27.08,0,0,72.92,0,3490.56144723417
"131210040001","Block Group 1; Census Tract 40; Fulton County; Georgia",1374,0.00181385304301584,0.270742358078603,0.681950509461427,0.0473071324599709,38239,0.0898670334708849,1.93,0,0,0,98.07,0,1879.05643817961
"131210095011","Block Group 1; Census Tract 95.01; Fulton County; Georgia",613,0.000673067962224204,0.903752039151713,0,0,84897,0.0164756446991404,0.46,5.37,0,0,94.17,0,2834.9408217901
"131210013021","Block Group 1; Census Tract 13.02; Fulton County; Georgia",963,0.00342576542592141,0.347871235721703,0.652128764278297,0,88333,0.0537780803267529,24.96,17.38,0.6,0,9.76,47.3,1523.70722002717
"131210052002","Block Group 2; Census Tract 52; Fulton County; Georgia",1372,0.00208659624705248,0.846209912536443,0.112244897959184,0,82745,0.0418994413407821,1.36,8.91,0.01,0.01,88.8,0.89,1639.61523917525
"131210060001","Block Group 1; Census Tract 60; Fulton County; Georgia",857,0.00258691175015318,0.17852975495916,0.73512252042007,0.0128354725787631,32235,0.0894759267149553,10.11,0,0,0,89.89,0,2079.32285379947
"131210057001","Block Group 1; Census Tract 57; Fulton County; Georgia",415,0.00172157925905489,0.0481927710843374,0.91566265060241,0.036144578313253,24006,0.155080213903743,7.86,7.13,0,0.05,84.95,0,2161.02353421826
"131210032002","Block Group 2; Census Tract 32; Fulton County; Georgia",1503,0.00216963325307296,0.756487025948104,0.0731869594145043,0.107119095143047,75688,0.0104909777591272,10.49,1,22.66,29.39,28.44,8.01,1766.9157945273
"131210060003","Block Group 3; Census Tract 60; Fulton County; Georgia",1155,0.0028932661088636,0.0606060606060606,0.914285714285714,0,32235,0.0894759267149553,1.7,2.61,0,0,92.62,3.07,1383.06015611155
"131210086012","Block Group 2; Census Tract 86.01; Fulton County; Georgia",1032,0.000938086985769481,0.0823643410852713,0.917635658914729,0,14520,0.208888888888889,1.95,7.12,0,0,79.68,11.25,1047.36945557064
"131210085001","Block Group 1; Census Tract 85; Fulton County; Georgia",351,0.000348392266908303,0,1,0,24560,0.156340057636888,0.3,19.08,7.49,0.24,47.59,25.21,2718.31982337259
"131210025002","Block Group 2; Census Tract 25; Fulton County; Georgia",1640,0.00485396556630744,0.103048780487805,0.799390243902439,0.0201219512195122,16329,0.221764974851395,0,27.35,0,0,52.4,20.25,701.563648408667
"131210012042","Block Group 2; Census Tract 12.04; Fulton County; Georgia",643,0.00566560285467352,0.810264385692068,0,0.189735614307932,87083,0,0,50.4,0,0,49.6,0,296.069092699993
"131210023001","Block Group 1; Census Tract 23; Fulton County; Georgia",355,0.00153181449870341,0,1,0,27697,0.102189781021898,0,11.06,0,0,78.21,10.71,907.982711892949
"131210084001","Block Group 1; Census Tract 84; Fulton County; Georgia",577,0.00112211487216464,0.150779896013865,0.849220103986135,0,25136,0.0729653882132834,1.7,0,1.63,0,96.33,0.34,2164.67689849645
"131210067012","Block Group 2; Census Tract 67.01; Fulton County; Georgia",1557,0.00719981789577431,0.0173410404624277,0.978163134232498,0,23413,0.167397660818713,22.48,8.78,2.39,0,66.36,0,1781.40181680143
"130890209011","Block Group 1; Census Tract 209.01; DeKalb County; Georgia",1696,0.001047572331084,0.52122641509434,0.251768867924528,0.168042452830189,58431,0.0660611065235343,14.12,3.6,4.14,1.33,76.56,0.2,1783.47468557661
"130890205003","Block Group 3; Census Tract 205; DeKalb County; Georgia",1023,0.00215009959803571,0.604105571847507,0.26197458455523,0.032258064516129,53194,0.0683788121990369,3.96,9.23,0.08,0,86.73,0,1199.27816010775
"130890209021","Block Group 1; Census Tract 209.02; DeKalb County; Georgia",1412,0.0015631324704649,0.606232294617564,0.335694050991501,0.0169971671388102,32772,0.00497760079641613,1.5,0,0,0,97.77,0,2061.99060477069
"131210019023","Block Group 3; Census Tract 19.02; Fulton County; Georgia",590,0.00190635601814224,0.145762711864407,0.574576271186441,0.0542372881355932,61198,0.0289634146341463,99.9,0.1,0,0,0,0,565.423393576913
"131210119022","Block Group 2; Census Tract 119.02; Fulton County; Georgia",618,0.00466143751713144,0.574433656957929,0.210355987055016,0.140776699029126,46126,0.139204545454545,29.14,3.22,15.14,0,27.46,25.02,1577.31530573911
"131210089052","Block Group 2; Census Tract 89.05; Fulton County; Georgia",1044,0.000716969882844678,0.579501915708812,0.247126436781609,0.10727969348659,74537,0.0159525979945305,0,8.64,74.79,0,0.5,16.12,2873.30893100859
"131210015021","Block Group 1; Census Tract 15.02; Fulton County; Georgia",1373,0.0031959342716673,0.643845593590677,0.0633648943918427,0.29278951201748,61111,0.0550401978973408,4.25,9.93,0,0,84.7,1.13,2738.97164640099
"131210089081","Block Group 1; Census Tract 89.08; Fulton County; Georgia",2482,0.0067657262896927,0.136583400483481,0.829975825946817,0.0124899274778405,46808,0.08300395256917,52.37,11.19,0.01,0.05,18.54,17.83,2404.04744610944
"131210090022","Block Group 2; Census Tract 90.02; Fulton County; Georgia",1511,0.00177717633664617,0.85969556585043,0,0.0509596293845136,136422,0,0,0,0,0,99.9,0.09,3824.58202252508
"131210067021","Block Group 1; Census Tract 67.02; Fulton County; Georgia",850,0.000779087059225584,0.0458823529411765,0.954117647058824,0,43818,0.121332275971451,0,4.5,20,3.07,63.31,9.11,1699.91331738192
"131210094052","Block Group 2; Census Tract 94.05; Fulton County; Georgia",1098,0.00344079567441664,0.489071038251366,0.3816029143898,0.129326047358834,51169,0,62.59,29.33,8.08,0,0,0,617.087123278209
"131210092012","Block Group 2; Census Tract 92.01; Fulton County; Georgia",994,0.00281960215027242,0.528169014084507,0.177062374245473,0.104627766599598,37198,0.098699311400153,17.49,28.9,13.74,0.04,15.07,20.96,1795.3156711514
"131210100071","Block Group 1; Census Tract 100.07; Fulton County; Georgia",795,0.000899408884350606,0.833962264150943,0.0515723270440252,0.10440251572327,109596,0.0564568462037638,0.06,15.17,0,0,84.74,0,2791.70750806415
"131210096071","Block Group 1; Census Tract 96.07; Fulton County; Georgia",1707,0.00633578379065813,0.718219097832455,0.224956063268893,0.0374926772114821,66042,0.0119521912350598,0,51.7,0,0,48.29,0,2419.49585678202
"131210093022","Block Group 2; Census Tract 93.02; Fulton County; Georgia",659,0.00143756740180533,1,0,0,82756,0,20.38,31.25,3.21,0,45.16,0,1022.61415513027
"131210002012","Block Group 2; Census Tract 2.01; Fulton County; Georgia",1108,0.00172766523439214,0.986462093862816,0.00902527075812274,0,80658,0.0393610952652596,4.26,14.3,2.16,0,75.81,3.47,2375.1262652536
"131210015022","Block Group 2; Census Tract 15.02; Fulton County; Georgia",754,0.00460992422750259,0.977453580901857,0,0.0225464190981432,61111,0.0550401978973408,7.57,52.5,0,0,39.93,0,2638.88287233889
"131210078102","Block Group 2; Census Tract 78.10; Fulton County; Georgia",1411,0.000879824530872341,0,0.90148830616584,0.0368532955350815,39167,0.0496156533892383,0,2.72,0,0,85.56,11.86,5449.57284118708
"131210078083","Block Group 3; Census Tract 78.08; Fulton County; Georgia",402,0.00248741377774885,0,1,0,12202,0.227904391328516,0.02,93.06,0,0,6.91,0,1702.80331083787
"131210084003","Block Group 3; Census Tract 84; Fulton County; Georgia",751,0.00243003888112048,0,1,0,25136,0.0729653882132834,5.84,49.69,3.24,0,39.77,1.45,2555.28867871047
"131210012031","Block Group 1; Census Tract 12.03; Fulton County; Georgia",1465,0.0198104930852303,0.65938566552901,0.219795221843003,0.120819112627986,60983,0.0348837209302326,43.69,0,0,0,0,56.31,997.613829556082
"131210095032","Block Group 2; Census Tract 95.03; Fulton County; Georgia",698,0.00399249412871583,0.659025787965616,0.150429799426934,0.130372492836676,38750,0.119620253164557,6.39,48,0,0,45.1,0.5,1529.74776572883
"131210001003","Block Group 3; Census Tract 1; Fulton County; Georgia",816,0.00136199256550435,0.794117647058823,0.0122549019607843,0.0955882352941176,90366,0.0158652672687332,2.02,0,0,0,97.98,0,3180.02075813493
"131210100062","Block Group 2; Census Tract 100.06; Fulton County; Georgia",2893,0.00674386544845773,0.541652264085724,0.327341859661251,0.111648807466298,84167,0,97.78,0.38,0,0,1.83,0,1487.58067920447
"131210077093","Block Group 3; Census Tract 77.09; Fulton County; Georgia",1425,0.00139602188442309,0,1,0,48889,0.073037542662116,0,0,22.55,0,36.81,40.53,7496.72156007388
"131210118011","Block Group 1; Census Tract 118.01; Fulton County; Georgia",624,0.00111627819963654,0.354166666666667,0.506410256410256,0.0897435897435897,52762,0.0795454545454545,12.23,2.87,36.33,0,0.02,48.43,1107.29019007813
"131210077053","Block Group 3; Census Tract 77.05; Fulton County; Georgia",1402,0.000996773709017354,0,1,0,28825,0.0459809264305177,18.7,4.9,0,0.76,53.73,15.88,5296.63233075455
"131210091031","Block Group 1; Census Tract 91.03; Fulton County; Georgia",1007,0.00482120034197204,0.723932472691162,0.110228401191658,0.131082423038729,68108,0.00399419026870007,22.14,30.51,0,0,47.34,0,2778.74345842886
"131210090011","Block Group 1; Census Tract 90.01; Fulton County; Georgia",1021,0.00122148350969947,0.866797257590597,0.0401567091087169,0.0470127326150832,66591,0.0180460485376478,0.01,10.64,0,0,85.02,4.33,2798.297519522
"131210073013","Block Group 3; Census Tract 73.01; Fulton County; Georgia",131,0.000262357091631053,0.0229007633587786,0.977099236641221,0,32062,0.0658964484381686,39.23,15.22,13.72,0,31.83,0,2580.0371461684
"131210067011","Block Group 1; Census Tract 67.01; Fulton County; Georgia",1259,0.00188109172413844,0.0579825258141382,0.904686258935663,0,23413,0.167397660818713,7.54,30.22,0.01,0,62.23,0,1046.12939751543
"131210078072","Block Group 2; Census Tract 78.07; Fulton County; Georgia",2648,0.00219308776259486,0.0181268882175227,0.958081570996979,0,18784,0.322064869803563,7.59,12.57,0,0,79.71,0.14,383.31438522903
"131210091051","Block Group 1; Census Tract 91.05; Fulton County; Georgia",657,0.00138189135220499,1,0,0,122200,0.00881612090680101,11.73,4.13,0,0,84.14,0,2672.98514751024
"131210057002","Block Group 2; Census Tract 57; Fulton County; Georgia",833,0.00163913288764467,0.0192076830732293,0.966386554621849,0.00600240096038415,24006,0.155080213903743,8.21,15.33,38.66,0,37.83,0,1887.8741505973
"131210006022","Block Group 2; Census Tract 6.02; Fulton County; Georgia",372,0.0156301676491407,0.68010752688172,0.233870967741935,0.0860215053763441,50718,0.0246669955599408,100,0,0,0,0,0,907.535163099717
"131210011022","Block Group 2; Census Tract 11.02; Fulton County; Georgia",1899,0.0115458248971993,0.747761979989468,0.0932069510268562,0.0616113744075829,85901,0.00549095607235142,0,0.08,0,0,0,99.92,328.057514490558
"131210012041","Block Group 1; Census Tract 12.04; Fulton County; Georgia",1296,0.00673902626838536,0.740740740740741,0.0324074074074074,0.0231481481481481,87083,0,0,43.07,0,0,56.9,0.03,430.181837245381
"131210012052","Block Group 2; Census Tract 12.05; Fulton County; Georgia",667,0.00456757386462121,0.559220389805097,0.263868065967017,0.119940029985007,73712,0,0.13,0.03,0,0,0,99.83,858.162796547415
"131210089071","Block Group 1; Census Tract 89.07; Fulton County; Georgia",1173,0.00338966463753922,0.920716112531969,0.0375106564364876,0.0161977834612106,69167,0.0214435146443515,0.13,90.83,0,0,9.03,0,4589.45155863959
"131210098042","Block Group 2; Census Tract 98.04; Fulton County; Georgia",862,0.000629733163357064,0.893271461716937,0,0.106728538283063,96301,0,0,0.01,0,0,99.99,0,4321.09206653126
"131210006012","Block Group 2; Census Tract 6.01; Fulton County; Georgia",1635,0.00519409186264934,0.595718654434251,0.195718654434251,0.173088685015291,33043,0.0603060306030603,33.68,2.41,3.3,0.08,58.17,2.35,264.498829320474
"131210006013","Block Group 3; Census Tract 6.01; Fulton County; Georgia",1053,0.00581538511599846,0.504273504273504,0.117758784425451,0.196581196581197,33043,0.0603060306030603,7.82,4.09,0,0.01,87.12,0.95,218.688283431637
"131210092031","Block Group 1; Census Tract 92.03; Fulton County; Georgia",1318,0.00159226168659365,0.373292867981791,0.408952959028832,0.103945371775417,55082,0.0419716935090288,17.85,7.69,32.52,0,28.99,12.95,1428.72979206592
"131210021002","Block Group 2; Census Tract 21; Fulton County; Georgia",643,0.00565485003191153,0.0948678071539658,0.853810264385692,0.0186625194401244,34902,0.0424507658643326,0.04,99.85,0,0,0,0.11,936.286215083446
"131210091032","Block Group 2; Census Tract 91.03; Fulton County; Georgia",1562,0.0155786439492689,0.562099871959027,0.318181818181818,0.119718309859155,68108,0.00399419026870007,0,70.51,1.52,0,27.97,0,2229.21799359201
"131210100031","Block Group 1; Census Tract 100.03; Fulton County; Georgia",1960,0.00177929066117337,0.951530612244898,0.0336734693877551,0.011734693877551,86201,0.044466082440766,6.87,17.76,0,0.26,74.52,0.49,2284.35860230484
"131210025003","Block Group 3; Census Tract 25; Fulton County; Georgia",784,0.00497756290957074,0.0165816326530612,0.934948979591837,0.0127551020408163,16329,0.221764974851395,5.9,30.91,0,0,14.49,48.7,723.11656059505
"131210026002","Block Group 2; Census Tract 26; Fulton County; Georgia",112,0.000164635197012403,0,0.901785714285714,0,22019,0.123439667128988,68.14,0,0,0,13.94,17.91,592.609716553069
"131210018021","Block Group 1; Census Tract 18.02; Fulton County; Georgia",1229,0.00443929886270757,0.436940602115541,0.345809601301871,0.164361269324654,59074,0.0280228334198236,99.92,0.09,0,0,0,0,989.404769981446
"131210010021","Block Group 1; Census Tract 10.02; Fulton County; Georgia",1263,0.00282969411796845,0.32541567695962,0.164687252573238,0.47347585114806,7690,0.00961538461538462,13.59,0,59.39,4.87,0,22.19,732.686839082271
"130890207002","Block Group 2; Census Tract 207; DeKalb County; Georgia",1703,0.00337091490507892,0.421021726365238,0.297709923664122,0.13681738109219,58558,0.0344677137870855,9.6,10.6,0,0,78.8,0.58,445.836454677493
"131210042002","Block Group 2; Census Tract 42; Fulton County; Georgia",676,0.00132166719920431,0.29585798816568,0.690828402366864,0,16663,0.261992619926199,17.86,9.24,0,10.04,59.74,3.11,1258.55188234623
"131210050001","Block Group 1; Census Tract 50; Fulton County; Georgia",937,0.00264572543710115,0.556029882604056,0.172892209178228,0.175026680896478,76176,0.023039762170197,25.69,1.09,0,0.08,72.58,0.56,1416.53339687163
"131210076031","Block Group 1; Census Tract 76.03; Fulton County; Georgia",1462,0.00360237448899382,0,0.966484268125855,0,17016,0.105029585798817,0,39.65,0,0,35.31,23.14,2458.94408751484
"131210077031","Block Group 1; Census Tract 77.03; Fulton County; Georgia",606,0.000839031600304904,0,1,0,32648,0.0438818565400844,0.21,1.73,0,0,88.9,9.01,5903.14612298286
"131210098022","Block Group 2; Census Tract 98.02; Fulton County; Georgia",1387,0.00052433590045406,0.838500360490267,0.126171593366979,0.0273972602739726,106701,0.00440366972477064,0,0.58,0,36.15,61.22,0.8,4564.38980131207
"131210058001","Block Group 1; Census Tract 58; Fulton County; Georgia",1208,0.000964135148457393,0.307119205298013,0.354304635761589,0.302152317880795,32965,0.140608604407135,20.78,3.59,25.85,0.01,48.26,1.5,1877.48755635461
"131210030002","Block Group 2; Census Tract 30; Fulton County; Georgia",1069,0.00393218680110975,0.672591206735267,0.0261927034611787,0.25444340505145,101958,0.0161733292645713,18.69,8.78,0,0,71.16,1.36,2412.77457374322
"131210021001","Block Group 1; Census Tract 21; Fulton County; Georgia",1132,0.00259025498068673,0.347173144876325,0.468197879858657,0.157243816254417,34902,0.0424507658643326,24.69,0.02,0,0,0,75.3,509.397532273891
"131210010012","Block Group 2; Census Tract 10.01; Fulton County; Georgia",3387,0.00619957661489485,0.47328018895778,0.109241216415707,0.250369058163567,52578,0.00237060450414856,2.65,0,0,2.72,0,94.62,570.487609070104
"131210001004","Block Group 4; Census Tract 1; Fulton County; Georgia",839,0.000796728486705388,0.880810488676996,0,0.0119189511323004,90366,0.0158652672687332,0,0,0,0,99.43,0,2809.9733631542
"131210030001","Block Group 1; Census Tract 30; Fulton County; Georgia",1858,0.002383482302743,0.738966630785791,0.0925726587728741,0.05005382131324,101958,0.0161733292645713,19.08,10.01,7.13,0,58.64,5.2,2988.17395130705
"131210043001","Block Group 1; Census Tract 43; Fulton County; Georgia",1504,0.00450437539288485,0.227393617021277,0.615691489361702,0.117686170212766,21369,0.0932311621966794,0,0.01,1.68,97.89,0,0.43,476.475823718829
"131210096052","Block Group 2; Census Tract 96.05; Fulton County; Georgia",728,0.00572803853429553,0.733516483516483,0.20467032967033,0.0494505494505494,83722,0,15.04,0,0,0,0,84.96,270.62890743295
"131210084002","Block Group 2; Census Tract 84; Fulton County; Georgia",1349,0.00195448138418788,0.0867309117865085,0.859896219421794,0.0452186805040771,25136,0.0729653882132834,3.72,16.35,0,3.37,76.55,0,2632.48869912579
"131210081031","Block Group 1; Census Tract 81.03; Fulton County; Georgia",1070,0.00119680104608346,0,0.903738317757009,0.0962616822429907,23299,0.193524650478293,1.62,14.71,2.37,0,81.31,0,2608.86908072809
"131210081032","Block Group 2; Census Tract 81.03; Fulton County; Georgia",891,0.00194334083983985,0,0.869809203142537,0,23299,0.193524650478293,29.99,49.53,0.69,0,6.12,13.67,3003.29670037144
"131210089091","Block Group 1; Census Tract 89.09; Fulton County; Georgia",1635,0.00211757915908489,0.784709480122324,0.165749235474006,0.00856269113149847,96077,0,1.25,17.38,0.51,1.61,69.16,10.09,3157.09040584855
"131210074001","Block Group 1; Census Tract 74; Fulton County; Georgia",1834,0.00181893266586662,0.112322791712105,0.727917121046892,0.138495092693566,17354,0.272219836839845,13.23,8.57,0,32.37,27.09,16.95,2871.93233739793
"131210052001","Block Group 1; Census Tract 52; Fulton County; Georgia",1266,0.00203504077165644,0.766192733017378,0.0616113744075829,0.0339652448657188,82745,0.0418994413407821,0,1.16,0,0.01,95,3.87,1796.99706309147
"131210100032","Block Group 2; Census Tract 100.03; Fulton County; Georgia",1162,0.00378533176621201,0.506024096385542,0.0817555938037866,0.367469879518072,86201,0.044466082440766,99.88,0,0,0,0.01,0.11,871.530138271507
"131210069002","Block Group 2; Census Tract 69; Fulton County; Georgia",1782,0.00232306165120684,0.227272727272727,0.48709315375982,0.285634118967452,45389,0.105641394178944,5.98,15.05,0,0,78.95,0,1878.38170155513
"130890203001","Block Group 1; Census Tract 203; DeKalb County; Georgia",830,0.00171421590483678,0.828915662650602,0.0349397590361446,0.0746987951807229,78346,0.00441126569392603,0,0.02,0,0,99.57,0,2079.30297678573
"131210016002","Block Group 2; Census Tract 16; Fulton County; Georgia",948,0.00215196185953894,0.787974683544304,0.10337552742616,0.0664556962025316,85137,0.0137310606060606,0.7,57.36,13.22,0,4.79,23.91,2750.48189704551
"131210005011","Block Group 1; Census Tract 5.01; Fulton County; Georgia",1469,0.00419677609669946,0.598366235534377,0.190605854322668,0.167460857726344,54594,0,34.45,0,18.16,0,46.97,0.4,1120.20638846589
"131210078081","Block Group 1; Census Tract 78.08; Fulton County; Georgia",1853,0.00157524455801357,0.00431732325957906,0.995682676740421,0,12202,0.227904391328516,12.13,14.86,0,0,70.77,2.22,1032.2508874608
"131210053003","Block Group 3; Census Tract 53; Fulton County; Georgia",712,0.0012812510612602,0.75561797752809,0.175561797752809,0.0182584269662921,69882,0.00540357987166498,1.51,10.94,15.95,0,61.43,10.19,99.9741407674215
"131210011013","Block Group 3; Census Tract 11.01; Fulton County; Georgia",1219,0.00935258830380861,0.757998359310911,0.109105824446267,0.0205086136177194,96133,0,0,14.56,0,0,0,85.44,554.188821771329
"131210038001","Block Group 1; Census Tract 38; Fulton County; Georgia",2231,0.00565497218977377,0.285970416853429,0.503809950694756,0.156880322725235,7138,0.0961038961038961,0,0,0,68.19,14.3,17.51,268.631421769038
"131210055042","Block Group 2; Census Tract 55.04; Fulton County; Georgia",672,0.00214154981681842,0.0669642857142857,0.933035714285714,0,32589,0.0927342256214149,0,53.64,2.23,0,42.06,2.07,1626.36017369133
"131210077032","Block Group 2; Census Tract 77.03; Fulton County; Georgia",1433,0.000689446499723799,0.0307048150732729,0.940683879972087,0,32648,0.0438818565400844,0,7.57,0,0,85.96,6.47,6392.30273693802
"131210091042","Block Group 2; Census Tract 91.04; Fulton County; Georgia",1112,0.00349536692065804,0.580935251798561,0.288669064748201,0.130395683453237,68695,0.00619674670797831,67.71,11.96,0,4.94,15.39,0,2862.29326960073
"131210001001","Block Group 1; Census Tract 1; Fulton County; Georgia",682,0.00177835713703652,0.98533724340176,0.0146627565982405,0,90366,0.0158652672687332,2.92,0,0,0,95.57,0,3059.36885371909
"131210005022","Block Group 2; Census Tract 5.02; Fulton County; Georgia",1077,0.000695687240956552,0.84958217270195,0.0167130919220056,0.0612813370473538,82917,0.0354815351194786,1.37,2.38,20.7,0.08,65.55,9.92,2274.5005056755
"131210091061","Block Group 1; Census Tract 91.06; Fulton County; Georgia",1965,0.00261008653109065,0.495165394402036,0.20763358778626,0.127735368956743,58610,0.0456475583864119,16.47,10.2,45.76,0,27.58,0,1938.07072919316
"131210006021","Block Group 1; Census Tract 6.02; Fulton County; Georgia",1485,0.00736216652000013,0.389225589225589,0.226936026936027,0.291582491582492,50718,0.0246669955599408,46.84,18.41,19.61,0,15.21,0.01,689.022191926246
"131210005013","Block Group 3; Census Tract 5.01; Fulton County; Georgia",2118,0.0081851494107875,0.434844192634561,0.364494806421152,0.175165250236072,54594,0,5.12,0,3.94,0,0,90.94,1223.84776801756
"131210084004","Block Group 4; Census Tract 84; Fulton County; Georgia",128,0.00046135299647997,0.3046875,0.6953125,0,25136,0.0729653882132834,0.17,29.17,5.82,0,14.26,50.63,2116.27668883231
"131210077051","Block Group 1; Census Tract 77.05; Fulton County; Georgia",1687,0.00181529845398475,0,1,0,28825,0.0459809264305177,8.54,39.98,0,0.11,41.86,9.1,6334.44125843764
"131210025001","Block Group 1; Census Tract 25; Fulton County; Georgia",699,0.00185313534690703,0.103004291845494,0.855507868383405,0.0400572246065808,16329,0.221764974851395,2.66,0.27,0,25.17,65.39,6.52,227.558322519894
"131210078094","Block Group 4; Census Tract 78.09; Fulton County; Georgia",1976,0.000892299855617198,0,0.990384615384615,0.00961538461538462,33482,0.118687680926343,0,0.71,0,0,83,7.12,4667.80523309336
"131210038002","Block Group 2; Census Tract 38; Fulton County; Georgia",1680,0.00378866514500827,0.186904761904762,0.517857142857143,0.24047619047619,7138,0.0961038961038961,0,20.18,0,67.71,0,12.1,311.238412690763
"130890206002","Block Group 2; Census Tract 206; DeKalb County; Georgia",1042,0.00232021642504278,0.49232245681382,0.442418426103647,0.0508637236084453,52982,0.0533099004100762,0.66,16.62,1.79,0,72.87,8.06,1792.08606904032
"131210019011","Block Group 1; Census Tract 19.01; Fulton County; Georgia",3862,0.0264893149656019,0.320559295701709,0.423873640600725,0.188503366131538,5475,0,19.75,80.24,0,0,0,0,928.990319952975
"131210093012","Block Group 2; Census Tract 93.01; Fulton County; Georgia",1079,0.00201093939112919,0.906394810009268,0,0,82449,0.0530129672006102,0,14.03,0,0,85.97,0,1325.73017250433
"131210118022","Block Group 2; Census Tract 118.02; Fulton County; Georgia",641,0.000892279925532578,0.235569422776911,0.694227769110764,0,16123,0.115875912408759,3.51,7.46,40.58,0,10.16,38.16,1044.64456052051
"131210091041","Block Group 1; Census Tract 91.04; Fulton County; Georgia",764,0.00151068339116158,0.964659685863874,0.024869109947644,0,68695,0.00619674670797831,3.03,18.65,0,0,78.33,0,3056.80325931099
"131210080004","Block Group 4; Census Tract 80; Fulton County; Georgia",810,0.000706368892321432,0.0814814814814815,0.861728395061728,0,29028,0.0707410972088547,4.77,2.96,0,0,92.11,0,1223.62823670564
"131210088021","Block Group 1; Census Tract 88.02; Fulton County; Georgia",1872,0.00106484267952268,0.69017094017094,0.194444444444444,0.0170940170940171,83580,0.0591745400298359,7.6,4.95,30.1,4.04,53.13,0,4348.69425681676
"131210120001","Block Group 1; Census Tract 120; Fulton County; Georgia",1634,0.00255231390928271,0.268665850673195,0.680538555691554,0.0403916768665851,14323,0.100867678958785,5.77,10.25,9.65,0,30.41,43.92,1493.69989145359
"131210029001","Block Group 1; Census Tract 29; Fulton County; Georgia",1287,0.00277881368841904,0.643356643356643,0.296037296037296,0.0295260295260295,62228,0.0477157360406091,23.72,2.2,0,24.31,30.04,19.72,1609.37813996776
"131210066011","Block Group 1; Census Tract 66.01; Fulton County; Georgia",693,0.000734296929957368,0.204906204906205,0.715728715728716,0.012987012987013,35776,0.143478260869565,3.17,1.58,45.94,0,40.51,8.8,2806.59587944744
"131210052004","Block Group 4; Census Tract 52; Fulton County; Georgia",1141,0.00224468059029474,0.729184925503944,0.197195442594216,0.0508326029798422,82745,0.0418994413407821,4.7,17.31,0.96,3.88,10.55,62.56,2130.06670530761
"131210064001","Block Group 1; Census Tract 64; Fulton County; Georgia",772,0.000620267821263968,0.343264248704663,0.446891191709845,0.209844559585492,40147,0.187878787878788,3.63,16.13,17.78,0,32.68,29.78,884.109132517859
"131210055011","Block Group 1; Census Tract 55.01; Fulton County; Georgia",1383,0.0026174539766385,0.214027476500362,0.764280549530007,0.00650759219088937,34073,0.237445414847162,1.53,5.98,0,0,74.81,17.68,1022.97592848009
"130890205002","Block Group 2; Census Tract 205; DeKalb County; Georgia",1161,0.00212604641527643,0.371231696813092,0.593453919035314,0.0103359173126615,53194,0.0683788121990369,4.98,6.89,0.03,0.14,84.81,3.13,2034.85802463794
"131210017021","Block Group 1; Census Tract 17.02; Fulton County; Georgia",1443,0.00567738112636493,0.614691614691615,0.223839223839224,0.0928620928620929,81513,0,2.05,2.35,14.01,0,0.04,81.56,2151.66671325374
"131210089032","Block Group 2; Census Tract 89.03; Fulton County; Georgia",1813,0.00290077418772973,0.32046332046332,0.330391616105902,0.190843905129619,45850,0.0700152207001522,5.4,41.77,37.73,0,0.04,15.07,4586.25147614646
"131210042003","Block Group 3; Census Tract 42; Fulton County; Georgia",752,0.00175457379051289,0,1,0,16663,0.261992619926199,65,20.98,0.89,1.04,11,1.08,1192.67551885535
"131210096073","Block Group 3; Census Tract 96.07; Fulton County; Georgia",1327,0.00458729691939033,0.878673700075358,0.109269027882442,0.0120572720422005,66042,0.0119521912350598,25.07,37.74,0,0,37.19,0,2018.73228393619
"131210061001","Block Group 1; Census Tract 61; Fulton County; Georgia",833,0.00137199974478038,0.115246098439376,0.860744297719088,0,25833,0.146164321379936,0,8.08,0,0,90.71,1.22,660.492443443659
"131210073022","Block Group 2; Census Tract 73.02; Fulton County; Georgia",1483,0.000788069366862606,0.0236008091706001,0.923128792987188,0,16736,0.14778578784758,1.49,11.3,0,0,87.18,0.02,3506.8751244917
"131210011011","Block Group 1; Census Tract 11.01; Fulton County; Georgia",1890,0.0346782896516993,0.672486772486772,0.113756613756614,0.0952380952380952,96133,0,0,83.03,0,0,0.01,16.95,650.591371938715
"131210013011","Block Group 1; Census Tract 13.01; Fulton County; Georgia",1327,0.00509170220151782,0.848530519969857,0.0474755086661643,0.0738507912584778,42191,0.041019955654102,1.79,10.22,0,0,87.99,0,923.213263351753
"131210028021","Block Group 1; Census Tract 28.02; Fulton County; Georgia",782,0.00496490711898457,0.0895140664961637,0.801790281329923,0.0601023017902813,11505,0.244620611551529,0,40.68,0,6.42,4.27,48.63,1053.20098973232
"131210070014","Block Group 4; Census Tract 70.01; Fulton County; Georgia",938,0.000806881940671223,0.0213219616204691,0.852878464818763,0.0660980810234542,19082,0.18472395184724,14.58,0,0.07,0,85.35,0,765.877233712464
"131210091062","Block Group 2; Census Tract 91.06; Fulton County; Georgia",535,0.00362688105414461,0.446728971962617,0.0579439252336449,0.457943925233645,58610,0.0456475583864119,32.69,48.61,0,0,18.69,0,2540.18606391044
"131210006023","Block Group 3; Census Tract 6.02; Fulton County; Georgia",1103,0.00516211477552378,0.399818676337262,0.305530371713509,0.223934723481414,50718,0.0246669955599408,82.83,0,16.63,0,0.03,0.07,981.054434679473
"131210077111","Block Group 1; Census Tract 77.11; Fulton County; Georgia",1019,0.00134780722199468,0,1,0,27113,0.173020527859238,1.73,14.09,5.94,0.19,78.15,0,7648.66868343222
"131210065003","Block Group 3; Census Tract 65; Fulton County; Georgia",293,0.000461640506053108,0.197952218430034,0.781569965870307,0,41444,0.0798908807482463,6.22,6.58,42.74,0,37.25,7.23,2846.25451959917
"131210049002","Block Group 2; Census Tract 49; Fulton County; Georgia",1799,0.00239233856512654,0.653696498054475,0.111172873818788,0.109505280711506,66151,0.0465116279069767,15.99,6.6,0.23,0,77.19,0,1239.13659742989
"131210063001","Block Group 1; Census Tract 63; Fulton County; Georgia",1356,0.00127811503731764,0.0567846607669617,0.823008849557522,0.0103244837758112,22159,0.113861386138614,2.06,2.08,40.84,0.01,42.76,12.25,2299.35685859571
"131210077112","Block Group 2; Census Tract 77.11; Fulton County; Georgia",2018,0.00125817888364956,0.031219028741328,0.968780971258672,0,27113,0.173020527859238,7.13,32.1,1.87,0.74,47.29,10.96,6843.62553366404
"131210044001","Block Group 1; Census Tract 44; Fulton County; Georgia",2598,0.0119730155769575,0,0.942648190916089,0.0573518090839107,24420,0.197084548104956,1.55,5.96,39.84,0,0,52.64,1081.78142941296
"131210017012","Block Group 2; Census Tract 17.01; Fulton County; Georgia",1295,0.00491941716660548,0.414671814671815,0.562934362934363,0,64702,0.0369843527738265,5.79,33.65,0,0,49.05,11.6,1775.97907305573
"131210080002","Block Group 2; Census Tract 80; Fulton County; Georgia",1428,0.00220121198242878,0.0434173669467787,0.932773109243697,0.0133053221288515,29028,0.0707410972088547,2.09,1.02,0,0,96.89,0,1002.1766572438
"131210018022","Block Group 2; Census Tract 18.02; Fulton County; Georgia",1348,0.0051151392377722,0.367210682492582,0.591246290801187,0.0415430267062315,59074,0.0280228334198236,30.95,69,0,0,0,0,1211.68981448023
"130890205001","Block Group 1; Census Tract 205; DeKalb County; Georgia",1504,0.00226778212957753,0.501994680851064,0.331117021276596,0.0618351063829787,53194,0.0683788121990369,31.8,5.8,2.03,0,60.37,0.01,2312.02493499843
"131210060004","Block Group 4; Census Tract 60; Fulton County; Georgia",720,0.00188618715871792,0.0888888888888889,0.8375,0.00972222222222222,32235,0.0894759267149553,2.9,21.31,1.99,0,63.81,9.98,1998.93392099256
"131210049001","Block Group 1; Census Tract 49; Fulton County; Georgia",1283,0.00358008449182908,0.130943102104443,0.869056897895557,0,66151,0.0465116279069767,0,30.81,0,0,39.88,29.3,1214.08879060985
"131210076033","Block Group 3; Census Tract 76.03; Fulton County; Georgia",978,0.000394496907948002,0.0725971370143149,0.927402862985685,0,17016,0.105029585798817,0.06,7.01,52.16,0,38.93,1.51,2324.40148286358
"131210077072","Block Group 2; Census Tract 77.07; Fulton County; Georgia",1164,0.000467812414824651,0.0575601374570447,0.823883161512027,0.00859106529209622,54809,0.0523168908819133,0.57,14.54,0,0.26,83.22,0.85,4428.83805820121
"131210075003","Block Group 3; Census Tract 75; Fulton County; Georgia",2102,0.00202567044211372,0.108943862987631,0.849666983824929,0.0285442435775452,20670,0.142073778664008,2.26,2.43,0,0,75.67,19.21,1860.86338589633
"131210086013","Block Group 3; Census Tract 86.01; Fulton County; Georgia",769,0.000596169626045836,0.0299089726918075,0.968790637191157,0.00130039011703511,14520,0.208888888888889,2.76,3.6,1.22,0,84.62,7.8,541.281627030089
"131210055012","Block Group 2; Census Tract 55.01; Fulton County; Georgia",1656,0.00248281117394798,0.254227053140097,0.692028985507246,0.0338164251207729,34073,0.237445414847162,0,25.99,1.83,0,65.69,6.49,849.119000900014
"131210017011","Block Group 1; Census Tract 17.01; Fulton County; Georgia",874,0.00281968460482588,0.609839816933638,0.209382151029748,0.131578947368421,64702,0.0369843527738265,40.3,12.56,0,0,41.67,5.48,1756.47377846499
"131210013022","Block Group 2; Census Tract 13.02; Fulton County; Georgia",1087,0.00202268882802425,0.898804047838086,0.0901563937442502,0.0110395584176633,88333,0.0537780803267529,24.45,2.75,11.5,0,60.42,0.89,1263.99576556677
"131210100061","Block Group 1; Census Tract 100.06; Fulton County; Georgia",1164,0.00528699585243991,0.839347079037801,0.0747422680412371,0.0859106529209622,84167,0,1.25,20.49,0,0,78.37,0,1667.58304603567
"131210028022","Block Group 2; Census Tract 28.02; Fulton County; Georgia",933,0.00356791929206696,0.272240085744909,0.320471596998928,0.40085744908896,11505,0.244620611551529,76.42,1.55,0,0.58,0,21.46,713.340899954201
"131210095013","Block Group 3; Census Tract 95.01; Fulton County; Georgia",1269,0.00120447737248037,0.938534278959811,0.0228526398739165,0.020488573680063,84897,0.0164756446991404,0.11,4.77,0,0,95.13,0,2673.92157628313
"131210024001","Block Group 1; Census Tract 24; Fulton County; Georgia",1777,0.00266771426808647,0.0287000562746201,0.927968486212718,0,16594,0.113624408206207,4.16,1.42,0,12.73,81.51,0.17,1256.33930387874
"131210052003","Block Group 3; Census Tract 52; Fulton County; Georgia",1093,0.00226054194581622,0.462031107044831,0.0850869167429094,0.428179322964318,82745,0.0418994413407821,6.99,12.05,0,0,79.73,1.24,2264.86186953404
"131210077081","Block Group 1; Census Tract 77.08; Fulton County; Georgia",1933,0.00183930854287712,0,1,0,40439,0.0629849383842994,2.2,30.55,0,0,42.27,24.41,3905.13803822739
"131210119013","Block Group 3; Census Tract 119.01; Fulton County; Georgia",994,0.00146550359808012,0.223340040241449,0.609657947686117,0.0935613682092555,33786,0.0450781968721251,84.43,10.24,0.13,0,0,5.2,434.047687650823
"131210086011","Block Group 1; Census Tract 86.01; Fulton County; Georgia",2144,0.00167856808658399,0.0265858208955224,0.97294776119403,0,14520,0.208888888888889,1.26,32.41,0,0.13,66.22,0,1503.82217996543
"131210094081","Block Group 1; Census Tract 94.08; Fulton County; Georgia",1053,0.012693674537598,0.373219373219373,0.305792972459639,0.212725546058879,45648,0.0223463687150838,0,48.64,0,51.35,0.02,0,961.754881342708
"130890208023","Block Group 3; Census Tract 208.02; DeKalb County; Georgia",1332,0.00163560954649692,0.476726726726727,0.365615615615616,0.0795795795795796,66113,0.055625,10.17,1.63,0,0,85.06,0.41,2382.77214831514
"131210092032","Block Group 2; Census Tract 92.03; Fulton County; Georgia",1450,0.00255580013272585,0.54551724137931,0.382758620689655,0.0613793103448276,55082,0.0419716935090288,2.28,0.58,0,0.01,83.17,13.96,1262.15994473121
"131210061003","Block Group 3; Census Tract 61; Fulton County; Georgia",1752,0.0014936427320765,0.0599315068493151,0.869292237442922,0,25833,0.146164321379936,0.54,0,0,0,99.46,0,1688.88696406888
"131210066012","Block Group 2; Census Tract 66.01; Fulton County; Georgia",795,0.000826164090827573,0.342138364779874,0.618867924528302,0.0213836477987421,35776,0.143478260869565,1.62,0,27.24,0,71.12,0.01,2518.1688079479
"131210011012","Block Group 2; Census Tract 11.01; Fulton County; Georgia",296,0.014371401618531,0.756756756756757,0,0,96133,0,0,99.93,0,0,0.07,0,585.667545582478
"131210070021","Block Group 1; Census Tract 70.02; Fulton County; Georgia",794,0.000694078295026703,0.017632241813602,0.853904282115869,0,27379,0.129132231404959,0.71,37.27,0.01,0,62,0,2797.81604038655
"131210070022","Block Group 2; Census Tract 70.02; Fulton County; Georgia",588,0.000444423749526291,0,0.95578231292517,0,27379,0.129132231404959,0.02,0.6,70.73,0,28.56,0.1,3858.2423250225
"131210076023","Block Group 3; Census Tract 76.02; Fulton County; Georgia",1238,0.000605075290586655,0.0573505654281099,0.94264943457189,0,22195,0.12109375,0,1.14,0,0,95.18,3.68,2367.27469312171
"131210081042","Block Group 2; Census Tract 81.04; Fulton County; Georgia",585,0.000352388154175808,0.0239316239316239,0.976068376068376,0,28125,0.0979381443298969,0.84,18.29,0,0,80.73,0.14,2775.46668693321
"131210078061","Block Group 1; Census Tract 78.06; Fulton County; Georgia",1517,0.00116243028055,0,1,0,31958,0.0827586206896552,0,0,0,0,100,0,1706.89021609041
"131210118021","Block Group 1; Census Tract 118.02; Fulton County; Georgia",806,0.00132508838617892,0.142679900744417,0.826302729528536,0.0310173697270471,16123,0.115875912408759,0.31,13.08,19.37,0,41.01,26.09,1339.29178367463
"131210001005","Block Group 5; Census Tract 1; Fulton County; Georgia",1284,0.001312209960965,0.779595015576324,0.0490654205607477,0.0973520249221184,90366,0.0158652672687332,10.93,1.88,0,0,84.09,2.25,2129.04337880607
"131210086021","Block Group 1; Census Tract 86.02; Fulton County; Georgia",162,0.000132744891228363,0.123456790123457,0.876543209876543,0,26102,0.102464332036316,8.58,24.58,25.91,0,10.94,30,2119.58854890782
"131210043002","Block Group 2; Census Tract 43; Fulton County; Georgia",210,0.0059620184822947,0,1,0,21369,0.0932311621966794,0,0.34,0,0,0,99.66,444.404746329226
"131210072001","Block Group 1; Census Tract 72; Fulton County; Georgia",394,0.000115428289802774,0,0.728426395939086,0.126903553299492,32004,0.130331753554502,1.71,2.4,75.6,0,19.96,0.05,3827.43341425188
"131210095012","Block Group 2; Census Tract 95.01; Fulton County; Georgia",828,0.000352784800789909,0.804347826086957,0,0.0217391304347826,84897,0.0164756446991404,0,1.4,0,0,98.6,0,2305.97417517259
"131210085003","Block Group 3; Census Tract 85; Fulton County; Georgia",843,0.000456179008647516,0.0486358244365362,0.833926453143535,0.0344009489916963,24560,0.156340057636888,0.86,3.91,0.74,2.78,86.31,5.39,1060.10379524038
"131210060002","Block Group 2; Census Tract 60; Fulton County; Georgia",676,0.00149777613635957,0.423076923076923,0.52810650887574,0.029585798816568,32235,0.0894759267149553,1.18,0,0,0,94.74,4.25,1794.14950907963
"131210040003","Block Group 3; Census Tract 40; Fulton County; Georgia",646,0.00202056208865551,0.151702786377709,0.651702786377709,0.043343653250774,38239,0.0898670334708849,0,4.96,0,0,95.04,0,1912.71504826105
"131210097003","Block Group 3; Census Tract 97; Fulton County; Georgia",1974,0.000498651583699245,0.939209726443769,0.0314083080040527,0,100972,0.012653516933383,0,0.02,0,0,99.63,0,3886.24318389612
"131210076022","Block Group 2; Census Tract 76.02; Fulton County; Georgia",1182,0.00149177618798453,0.0423011844331641,0.923857868020305,0,22195,0.12109375,0,5.68,0,0,87.93,6.39,1634.54874623423
"131210001002","Block Group 2; Census Tract 1; Fulton County; Georgia",1539,0.00471207378559197,0.896036387264457,0.037037037037037,0.055230669265757,90366,0.0158652672687332,2.66,0,0,0,93.36,0,2983.47424762182
"131210065002","Block Group 2; Census Tract 65; Fulton County; Georgia",1713,0.00155911793287644,0.0817279626386457,0.741973146526562,0.105662580268535,41444,0.0798908807482463,0,0,0,0.02,96.32,3.67,1784.55316421002
"131210082021","Block Group 1; Census Tract 82.02; Fulton County; Georgia",1175,0.00154575221258136,0.0153191489361702,0.976170212765958,0,20323,0.146324054246966,0,5.1,0.59,0,94.31,0,1889.19800555029
"131210073011","Block Group 1; Census Tract 73.01; Fulton County; Georgia",1019,0.000585019008857649,0,1,0,32062,0.0658964484381686,0,0,56.93,0,29.74,13.32,3678.20711686371
"131210050002","Block Group 2; Census Tract 50; Fulton County; Georgia",2565,0.00255746586539329,0.596881091617934,0.293567251461988,0.0803118908382066,76176,0.023039762170197,6.54,4.98,11.68,4.62,47.51,24.58,1547.41514498567
"131210089031","Block Group 1; Census Tract 89.03; Fulton County; Georgia",1056,0.00197413013214122,0.190340909090909,0.74905303030303,0.0227272727272727,45850,0.0700152207001522,19.88,30.55,41.74,0,7.38,0,4427.01472972033
"131210090021","Block Group 1; Census Tract 90.02; Fulton County; Georgia",1265,0.0009386024900648,1,0,0,136422,0,0,2.24,0,0,94.43,3.25,4092.7118889326
"131210079001","Block Group 1; Census Tract 79; Fulton County; Georgia",1544,0.000498410596335773,0.0194300518134715,0.980569948186529,0,46135,0.0602645761881431,0,0,0,0,99.99,0,2879.3249286759
"131210099001","Block Group 1; Census Tract 99; Fulton County; Georgia",1067,0.00052527581865876,0.942830365510778,0.0159325210871603,0,90190,0,6.5,0.83,0,0.42,92.27,0,2644.93968472298
"131210095042","Block Group 2; Census Tract 95.04; Fulton County; Georgia",794,0.0014743249817784,0.773299748110831,0.0428211586901763,0.109571788413098,65362,0,12.6,14.71,0,0.62,63.63,8.45,1246.27046533503
"131210031001","Block Group 1; Census Tract 31; Fulton County; Georgia",928,0.00195088809448623,0.727370689655172,0.110991379310345,0.0980603448275862,84327,0.00672430355427474,5.9,10.03,2.03,0.01,64.26,17.78,2796.72758238518
"131210089073","Block Group 3; Census Tract 89.07; Fulton County; Georgia",515,0.00151196379394295,1,0,0,69167,0.0214435146443515,0,66.48,0,0,34.6,0,4769.0543181827
"131210035001","Block Group 1; Census Tract 35; Fulton County; Georgia",1023,0.00179499803522393,0.187683284457478,0.58455522971652,0.186705767350929,37455,0.12610712779418,59.05,0.16,12.05,0.05,15.76,12.92,171.525800966614
"131210072002","Block Group 2; Census Tract 72; Fulton County; Georgia",470,0.000439016353634967,0.0234042553191489,0.931914893617021,0.0170212765957447,32004,0.130331753554502,3.05,22.45,0,0,74.2,0,6141.65540128979
"130890203003","Block Group 3; Census Tract 203; DeKalb County; Georgia",2242,0.00275946327763106,0.764495985727029,0.103479036574487,0.0405887600356824,78346,0.00441126569392603,6.35,11.11,3.17,0,79.1,0.13,1497.2096651751
"131210082042","Block Group 2; Census Tract 82.04; Fulton County; Georgia",961,0.000890048855971574,0,1,0,35229,0.0827517447657029,0,0,0,0,100,0,2223.27245390417
"131210055032","Block Group 2; Census Tract 55.03; Fulton County; Georgia",643,0.0016030633339506,0,0.979782270606532,0,17634,0.209700427960057,9.49,32.68,29.85,0,27.98,0,1145.87864140284
"131210097001","Block Group 1; Census Tract 97; Fulton County; Georgia",924,0.000334759956912306,0.703463203463203,0.145021645021645,0.0746753246753247,100972,0.012653516933383,0.48,7.92,0,4.88,85.62,0.98,3966.25056529193
"131210094053","Block Group 3; Census Tract 94.05; Fulton County; Georgia",1058,0.00371418653828229,0.207939508506616,0.367674858223062,0.424385633270321,51169,0,86.88,0,13.12,0,0,0,69.2130031543174
"131210097002","Block Group 2; Census Tract 97; Fulton County; Georgia",954,0.000228525666532527,0.619496855345912,0.0660377358490566,0.0786163522012579,100972,0.012653516933383,1.15,0.25,0,0.4,98.15,0,3914.95694079486
"131210077092","Block Group 2; Census Tract 77.09; Fulton County; Georgia",1508,0.00188866191059175,0,1,0,48889,0.073037542662116,0,0,0,0,10.75,89.18,7767.25455649324
"131210096044","Block Group 4; Census Tract 96.04; Fulton County; Georgia",742,0.001912344600486,0.735849056603774,0.106469002695418,0.157681940700809,66692,0,2.72,29.71,0,0,65.62,1.92,1026.6047356238
"131210019022","Block Group 2; Census Tract 19.02; Fulton County; Georgia",745,0.00343282018374154,0.334228187919463,0.395973154362416,0.140939597315436,61198,0.0289634146341463,99.54,0.39,0,0,0,0.06,1126.78053169732
"131210120002","Block Group 2; Census Tract 120; Fulton County; Georgia",580,0.000861176434283507,0.268965517241379,0.572413793103448,0,14323,0.100867678958785,11.76,1.71,33.78,0,40.85,11.89,2044.486603358
"131210002011","Block Group 1; Census Tract 2.01; Fulton County; Georgia",1125,0.0017175984800157,0.737777777777778,0.236444444444444,0,80658,0.0393610952652596,24.2,12.75,0,0,61.96,1.07,2599.46061168073
"131210085002","Block Group 2; Census Tract 85; Fulton County; Georgia",1064,0.00119736645610882,0.0770676691729323,0.897556390977444,0,24560,0.156340057636888,0.28,1.48,0,0.03,88.59,9.63,1454.28035307926
"131210039001","Block Group 1; Census Tract 39; Fulton County; Georgia",940,0.00192669666336356,0.0106382978723404,0.982978723404255,0,18897,0.190332326283988,0,0,0,0,90.54,9.47,786.197837962663
"131210002021","Block Group 1; Census Tract 2.02; Fulton County; Georgia",1132,0.00202948819365559,0.752650176678445,0.073321554770318,0.0936395759717314,112365,0.0415575916230366,0.01,0,0,0,99.99,0,2258.68150843277
"131210078082","Block Group 2; Census Tract 78.08; Fulton County; Georgia",1023,0.00358940648426618,0,0.640273704789834,0.359726295210166,12202,0.227904391328516,34.6,56.01,0,0,9.39,0,1300.22480229361
"130890201001","Block Group 1; Census Tract 201; DeKalb County; Georgia",1414,0.00213183345998311,0.941301272984441,0.0212164073550212,0.0113154172560113,82841,0.0515151515151515,1.7,3.17,0,0,77.93,0,2466.75374231774
"131210075001","Block Group 1; Census Tract 75; Fulton County; Georgia",387,0.000208793468534281,0.222222222222222,0.754521963824289,0.0232558139534884,20670,0.142073778664008,26.36,10.66,0,1.29,36.3,25.29,1150.84265991324
"131210070013","Block Group 3; Census Tract 70.01; Fulton County; Georgia",822,0.00100540008742908,0,0.962287104622871,0.037712895377129,19082,0.18472395184724,7.44,13.86,0,0,78.69,0,1739.22482546353
"131210092011","Block Group 1; Census Tract 92.01; Fulton County; Georgia",510,0.00164667434863523,0.488235294117647,0.231372549019608,0.0431372549019608,37198,0.098699311400153,7.73,22.28,0,0,56.12,10.27,2059.60527714812
"130890206001","Block Group 1; Census Tract 206; DeKalb County; Georgia",1397,0.00213211684198436,0.483894058697208,0.400858983536149,0.0708661417322835,52982,0.0533099004100762,10.47,14.38,29.39,0,34.62,11.18,1354.53452671483
"130890201002","Block Group 2; Census Tract 201; DeKalb County; Georgia",784,0.00183983445679454,0.883928571428571,0.014030612244898,0.0637755102040816,82841,0.0515151515151515,0,0,1.88,0,89.68,0,2821.3453375961
"130890209012","Block Group 2; Census Tract 209.01; DeKalb County; Georgia",1331,0.00152004523688883,0.75732531930879,0.129977460555973,0,58431,0.0660611065235343,6.13,2.12,0,0,87.18,4.43,2721.28517409118
"130890208024","Block Group 4; Census Tract 208.02; DeKalb County; Georgia",1683,0.00168472674396019,0.569815805109923,0.323826500297089,0.0101010101010101,66113,0.055625,2.23,2.92,0,0,93.41,0,2147.04324928735
"131210077102","Block Group 2; Census Tract 77.10; Fulton County; Georgia",1479,0.00359819615948798,0,1,0,38234,0.151801801801802,4.38,34.11,1.46,0,55.87,0,6956.37770775724
"131210036002","Block Group 2; Census Tract 36; Fulton County; Georgia",971,0.00502211032966584,0.258496395468589,0.736354273944387,0,75536,0.0897920604914934,0,0,0.23,0,0,99.79,919.131925921909
"131210072003","Block Group 3; Census Tract 72; Fulton County; Georgia",969,0.000227788595043906,0.101135190918473,0.764705882352941,0.126934984520124,32004,0.130331753554502,17.35,7.5,36.41,0,38.07,0,5242.88541980556
"131210119021","Block Group 1; Census Tract 119.02; Fulton County; Georgia",645,0.00294529544250813,0.192248062015504,0.807751937984496,0,46126,0.139204545454545,8.93,34.58,26.62,0,7.25,22.62,1093.74271954824
"131210089054","Block Group 4; Census Tract 89.05; Fulton County; Georgia",1677,0.000826365007447832,0.686940966010733,0.263565891472868,0.0274299344066786,74537,0.0159525979945305,0.34,10.72,80.7,0,3.84,4.43,2978.99441252246
"131210074003","Block Group 3; Census Tract 74; Fulton County; Georgia",619,0.000981956842011156,0.0113085621970921,0.421647819063005,0.567043618739903,17354,0.272219836839845,41.39,30.35,0,0,16.71,11.57,2195.39342906868
"131210093011","Block Group 1; Census Tract 93.01; Fulton County; Georgia",2792,0.00355869562457211,0.824856733524355,0.0365329512893983,0.109598853868195,82449,0.0530129672006102,10.59,7.74,0,0,81.67,0,1650.61671379211
"131210098032","Block Group 2; Census Tract 98.03; Fulton County; Georgia",1887,0.00303450457465694,0.768415474297827,0.118706942236354,0.0789613142554319,62550,0.0256916996047431,9.12,23.8,0,26.26,38.52,2.29,4829.98234962924
"131210083011","Block Group 1; Census Tract 83.01; Fulton County; Georgia",1097,0.00108784147205437,0.203281677301732,0.669097538742024,0.127620783956244,29898,0.290484140233723,2.08,4.14,2.58,0,91.2,0,1864.60213638506
"131210030003","Block Group 3; Census Tract 30; Fulton County; Georgia",1047,0.00689778337707861,0.787965616045845,0.0649474689589303,0.058261700095511,101958,0.0161733292645713,19.67,0,11.36,0,11.51,57.47,2515.36811928217
"131210094101","Block Group 1; Census Tract 94.10; Fulton County; Georgia",2269,0.00363345477042199,0.869986778316439,0.0696342000881446,0.0603790215954165,70035,0.0225022502250225,1.11,6.46,0,0,92.12,0,1919.00708503948
"131210012051","Block Group 1; Census Tract 12.05; Fulton County; Georgia",1306,0.0109162947214491,0.742725880551302,0.00612557427258806,0.0849923430321593,73712,0,0,0.1,0,0,0,99.9,526.366318236467
"131210012032","Block Group 2; Census Tract 12.03; Fulton County; Georgia",1252,0.00669367232930568,0.574281150159744,0.233226837060703,0.103035143769968,60983,0.0348837209302326,8.37,48.16,0,0,40.83,2.64,754.083283033752
"131210013012","Block Group 2; Census Tract 13.01; Fulton County; Georgia",1944,0.00821692922584623,0.73559670781893,0.197530864197531,0.0113168724279835,42191,0.041019955654102,26.91,8.11,0,0,63.81,1.16,1059.1579250827
"131210089061","Block Group 1; Census Tract 89.06; Fulton County; Georgia",913,0.00119504509560035,0.891566265060241,0.0219058050383352,0.0657174151150055,90000,0.112422709387296,0,37.01,0,0,62.97,0,5342.52708143171
"131210098041","Block Group 1; Census Tract 98.04; Fulton County; Georgia",1574,0.000856953171807946,0.968233799237611,0.0133418043202033,0.0146124523506989,96301,0,0,0,0,0,99.99,0,4080.304792301
"131210005021","Block Group 1; Census Tract 5.02; Fulton County; Georgia",702,0.00135077671467464,0.720797720797721,0.102564102564103,0.0769230769230769,82917,0.0354815351194786,1.65,6.53,1.5,0,88.35,1.97,1607.64593618379
"131210089053","Block Group 3; Census Tract 89.05; Fulton County; Georgia",1208,0.000880394239934702,0.81705298013245,0.0480132450331126,0.120033112582781,74537,0.0159525979945305,0.43,6.35,76.43,4.63,8.04,4.19,1475.05839685672
"131210010022","Block Group 2; Census Tract 10.02; Fulton County; Georgia",6074,0.00456871269616946,0.41751728679618,0.310174514323345,0.222588080342443,7690,0.00961538461538462,0.59,0,0.17,95.65,3.58,0,721.512772958775
"131210094051","Block Group 1; Census Tract 94.05; Fulton County; Georgia",1613,0.0113385855862476,0.439553626782393,0.38189708617483,0.178549287042777,51169,0,0,84.89,1.04,0.04,14.03,0,700.267033833295
"131210094112","Block Group 2; Census Tract 94.11; Fulton County; Georgia",1182,0.00208053687166861,0.768189509306261,0.077834179357022,0.144670050761421,75104,0.0236372407139411,0,12.97,0,0,87.01,0,1750.40133015518
"131210012061","Block Group 1; Census Tract 12.06; Fulton County; Georgia",817,0.0127972614702589,0.734394124847001,0.0159118727050184,0.116279069767442,96811,0,0,0,0,0,0,100,323.109338809754
"131210089051","Block Group 1; Census Tract 89.05; Fulton County; Georgia",1339,0.00273668196015068,0.626587005227782,0.11277072442121,0.203136669156087,74537,0.0159525979945305,0,17.64,51.13,0,22.32,8.91,1366.79577288212
"131210083013","Block Group 3; Census Tract 83.01; Fulton County; Georgia",1517,0.00141205212266203,0.0909690177982861,0.883322346736981,0,29898,0.290484140233723,0.4,6.58,0,0,93.02,0,1145.90310335903
"131210081043","Block Group 3; Census Tract 81.04; Fulton County; Georgia",921,0.00098627897556441,0.0195439739413681,0.954397394136808,0.0141150922909881,28125,0.0979381443298969,0,0,0,0,100,0,1254.81457061052
"131210055041","Block Group 1; Census Tract 55.04; Fulton County; Georgia",672,0.000823854771488224,0.255952380952381,0.733630952380952,0,32589,0.0927342256214149,1.79,18.41,19.72,0,43.18,17.09,1193.5107134703
"131210043003","Block Group 3; Census Tract 43; Fulton County; Georgia",733,0.0031830291665661,0.335607094133697,0.510231923601637,0.0504774897680764,21369,0.0932311621966794,17.4,23.57,3.02,0,0,56.03,715.571650508557
"131210014002","Block Group 2; Census Tract 14; Fulton County; Georgia",555,0.00272400075575416,0.677477477477477,0.282882882882883,0.0396396396396396,82624,0.00372538584353379,6.17,50.18,0.02,0,9.77,33.85,2158.00381485443
"131210094071","Block Group 1; Census Tract 94.07; Fulton County; Georgia",1090,0.00769782065585715,0.378899082568807,0.348623853211009,0.138532110091743,61512,0.0590762620837809,0,66.78,0,32.81,0.41,0,1191.05429507387
"131210094111","Block Group 1; Census Tract 94.11; Fulton County; Georgia",1303,0.00180741185819125,0.544128933231005,0.119723714504988,0.236377590176516,75104,0.0236372407139411,3.28,25.23,0,3.6,67.3,0,1758.80266675072
"131210094061","Block Group 1; Census Tract 94.06; Fulton County; Georgia",621,0.00531300318540335,0.423510466988728,0.492753623188406,0.035426731078905,64030,0.0097020097020097,97.56,2.44,0,0,0,0,386.681824155892
"131210078064","Block Group 4; Census Tract 78.06; Fulton County; Georgia",1518,0.000880441426655777,0,1,0,31958,0.0827586206896552,1.6,20.8,2.69,20.14,54.17,0,2318.25724300306
"131210078103","Block Group 3; Census Tract 78.10; Fulton County; Georgia",1506,0.000452116555500295,0,0.837981407702523,0.134130146082337,39167,0.0496156533892383,0,28.42,0,0,59.92,0,4256.07717530348
"131210095014","Block Group 4; Census Tract 95.01; Fulton County; Georgia",781,0.00336194081886706,0.909090909090909,0,0.0909090909090909,84897,0.0164756446991404,0,26.74,0,0,73.26,0,2033.91505279218
"131210044002","Block Group 2; Census Tract 44; Fulton County; Georgia",1030,0.00167438608940225,0.0883495145631068,0.787378640776699,0,24420,0.197084548104956,10.97,14.85,23.97,0,17.68,32.51,1330.29112355783
"131210079004","Block Group 4; Census Tract 79; Fulton County; Georgia",956,0.000581318623706416,0,0.756276150627615,0.193514644351464,46135,0.0602645761881431,0,40.55,0,0,59.45,0,2157.59490049521
"131210098031","Block Group 1; Census Tract 98.03; Fulton County; Georgia",1053,0.000574459699596367,0.856600189933523,0.00474833808167141,0.01329534662868,62550,0.0256916996047431,2.7,4.78,0,0,92.16,0.33,4148.54154541041
"131210048002","Block Group 2; Census Tract 48; Fulton County; Georgia",788,0.00273217003662656,0.0850253807106599,0.854060913705584,0.0228426395939086,15907,0.0619195046439628,14.35,65.18,0,0,4.97,15.51,709.990149530783
"131210098023","Block Group 3; Census Tract 98.02; Fulton County; Georgia",960,0.000277577742649335,0.952083333333333,0.021875,0.0260416666666667,106701,0.00440366972477064,0,0,0,0,88.4,0,5831.89190748061
"131210078073","Block Group 3; Census Tract 78.07; Fulton County; Georgia",751,0.00135262416747708,0,1,0,18784,0.322064869803563,0.01,14.67,0,0,85.32,0,797.740804286598
"131210091052","Block Group 2; Census Tract 91.05; Fulton County; Georgia",512,0.00227998044751611,0.890625,0.07421875,0.03515625,122200,0.00881612090680101,2.49,0,3.63,0,73.83,20.05,2758.78277047547
"131210021003","Block Group 3; Census Tract 21; Fulton County; Georgia",803,0.00292845696644851,0.202988792029888,0.7359900373599,0.0448318804483188,34902,0.0424507658643326,64.63,28.83,6.28,0.28,0,0.01,1210.24442088917
"131210015012","Block Group 2; Census Tract 15.01; Fulton County; Georgia",919,0.00390253109060519,0.578890097932535,0.334058759521219,0.0380848748639826,55513,0.0459381044487427,9.29,52.19,0,0.9,35.92,1.7,2832.71257966923
"131210099005","Block Group 5; Census Tract 99; Fulton County; Georgia",967,0.000800667440774042,0.971044467425026,0.0289555325749741,0,90190,0,0.97,9.24,0,0,89.53,0.27,3455.27049056703
"131210103051","Block Group 1; Census Tract 103.05; Fulton County; Georgia",2710,0.00166939577686947,0.0003690036900369,0.992988929889299,0,35570,0.145014245014245,0,12.36,0,0,80.1,0.66,5972.19675665238
"131210017022","Block Group 2; Census Tract 17.02; Fulton County; Georgia",2210,0.00528873931573248,0.821719457013575,0.146153846153846,0.0321266968325792,81513,0,0.93,32.64,21.42,0,32.2,12.84,2389.74390925323
"131210087022","Block Group 2; Census Tract 87.02; Fulton County; Georgia",1079,0.000655323017374028,0.195551436515292,0.581093605189991,0.0398517145505097,50515,0.069743051914001,3.36,10.67,44.81,0,9.35,31.69,2228.26157865683
"131210005014","Block Group 4; Census Tract 5.01; Fulton County; Georgia",124,0.000392804249237013,0.629032258064516,0,0.370967741935484,54594,0,10.93,0,15.87,0,0,73.21,1829.16272568607
"131210073021","Block Group 1; Census Tract 73.02; Fulton County; Georgia",964,0.000418157153573273,0,1,0,16736,0.14778578784758,7.73,8.59,7.57,0,76.11,0,3849.77844664559
"131210087013","Block Group 3; Census Tract 87.01; Fulton County; Georgia",996,0.00110248436110008,0.410642570281124,0.589357429718876,0,26286,0.12590799031477,7.62,35.8,5.41,0,47.21,3.97,2812.22762054133
"131210090012","Block Group 2; Census Tract 90.01; Fulton County; Georgia",1243,0.00800178224997761,0.480289621882542,0.308930008045052,0.15124698310539,66591,0.0180460485376478,0,41.02,0,18.68,0,40.29,3193.66622668243
"131210076042","Block Group 2; Census Tract 76.04; Fulton County; Georgia",2658,0.00437621620621777,0.00827689992475546,0.974416854778029,0.017306245297216,18099,0.119977362761743,0,59,0,0,15.76,23.47,2797.85047652332
"131210100052","Block Group 2; Census Tract 100.05; Fulton County; Georgia",1752,0.000874258192070421,0.982876712328767,0.0171232876712329,0,110117,0,0,0,0,0,80.6,0,3562.41337201589
"131210089072","Block Group 2; Census Tract 89.07; Fulton County; Georgia",1170,0.00463107689880961,0.251282051282051,0.641880341880342,0.0598290598290598,69167,0.0214435146443515,5.32,67.34,17.26,0,10.56,0.12,3902.04450415523
"131210007002","Block Group 2; Census Tract 7; Fulton County; Georgia",2018,0.0117020141586471,0.261149653121903,0.672943508424182,0.031219028741328,24457,0.209179834462002,0,0,98.3,0,1.72,0,1995.96686240576
"131210014001","Block Group 1; Census Tract 14; Fulton County; Georgia",1104,0.00333524462501689,0.969202898550725,0,0.0307971014492754,82624,0.00372538584353379,7.62,0.55,23.15,0,68.68,0,1910.94299718913
"131210063002","Block Group 2; Census Tract 63; Fulton County; Georgia",394,0.00143795320409106,0,1,0,22159,0.113861386138614,2.59,1.88,0,28.11,67.42,0,2528.40632083379
"131210076041","Block Group 1; Census Tract 76.04; Fulton County; Georgia",727,0.00143262879168366,0.250343878954608,0.685006877579092,0.0646492434662999,18099,0.119977362761743,0,22.26,0,0,73.39,0.76,3331.59525724454
"131210076032","Block Group 2; Census Tract 76.03; Fulton County; Georgia",1014,0.00404177677744947,0.0355029585798817,0.917159763313609,0.0118343195266272,17016,0.105029585798817,0,70.72,0,0,0,29.28,2461.22202668524
"131210080005","Block Group 5; Census Tract 80; Fulton County; Georgia",1058,0.000335682560262761,0.0387523629489603,0.89413988657845,0.0103969754253308,29028,0.0707410972088547,1.69,0.96,0,0,97.34,0,1021.95979999552
"131210082023","Block Group 3; Census Tract 82.02; Fulton County; Georgia",181,0.000129665276622315,0.0386740331491713,0.922651933701657,0,20323,0.146324054246966,3,42.13,14.78,0,39.99,0,2298.7126871792
"131210099004","Block Group 4; Census Tract 99; Fulton County; Georgia",1393,0.00229842108464723,0.692031586503948,0.213208901651113,0.0100502512562814,90190,0,11.95,24.3,0,1.3,61.75,0.73,3803.86602516612
"131210010011","Block Group 1; Census Tract 10.01; Fulton County; Georgia",1413,0.00370964136301197,0.418259023354565,0.204529370134466,0.294409058740269,52578,0.00237060450414856,60.92,6.02,0,11.99,21.08,0,818.604620996698
"131210096011","Block Group 1; Census Tract 96.01; Fulton County; Georgia",1530,0.00321414243895763,0.576470588235294,0.0189542483660131,0.34640522875817,73481,0.0169638973466725,16.7,8.31,0,0,29.57,45.42,539.892849925441
"131210004002","Block Group 2; Census Tract 4; Fulton County; Georgia",1216,0.00118443421379997,0.797697368421053,0.148026315789474,0.0370065789473684,81198,0.0173374613003096,0.29,9.49,0.07,0,86.36,3.79,1065.40323812827
"131210004001","Block Group 1; Census Tract 4; Fulton County; Georgia",798,0.00138931687561784,0.842105263157895,0.0839598997493734,0.0601503759398496,81198,0.0173374613003096,0,0.96,0,0.11,45.93,52.99,1150.97180222029
"131210062001","Block Group 1; Census Tract 62; Fulton County; Georgia",951,0.00133593988267243,0.133543638275499,0.725552050473186,0,33885,0.139097744360902,5.65,2.27,29.29,0,59.51,3.27,2088.16389875803
"131210032001","Block Group 1; Census Tract 32; Fulton County; Georgia",1284,0.00334842305236143,0.652647975077882,0.219626168224299,0.0568535825545171,75688,0.0104909777591272,24.4,3.63,10.64,0.02,43.25,18.06,2290.02505767522
"131210036001","Block Group 1; Census Tract 36; Fulton County; Georgia",162,0.000848302288821554,0,1,0,75536,0.0897920604914934,0,4.13,20.73,0.16,0,74.98,703.909495151317
"131210070024","Block Group 4; Census Tract 70.02; Fulton County; Georgia",867,0.000679104894685903,0,1,0,27379,0.129132231404959,0.29,5.33,42.72,0,50.91,0.76,2497.93437609475
"131210086022","Block Group 2; Census Tract 86.02; Fulton County; Georgia",1136,0.000338256838112588,0.0572183098591549,0.804577464788732,0.107394366197183,26102,0.102464332036316,12.58,15.46,50.88,0.13,20.96,0,3497.59209202952
"131210026001","Block Group 1; Census Tract 26; Fulton County; Georgia",959,0.0034248473971929,0.059436913451512,0.883211678832117,0.02711157455683,22019,0.123439667128988,1.53,0,0,14.65,36.07,47.76,230.042254452519
"131210074002","Block Group 2; Census Tract 74; Fulton County; Georgia",720,0.00103380035080917,0.234722222222222,0.765277777777778,0,17354,0.272219836839845,10.19,1.98,12.42,0,70.09,5.22,2743.02219338453
"130890208022","Block Group 2; Census Tract 208.02; DeKalb County; Georgia",928,0.00155505852705254,0.368534482758621,0.535560344827586,0,66113,0.055625,4.58,24.95,0,0,68.03,0.74,1061.04091951926
"130890203002","Block Group 2; Census Tract 203; DeKalb County; Georgia",1432,0.00230443730663003,0.756284916201117,0.0914804469273743,0.0691340782122905,78346,0.00441126569392603,6,10.29,4.82,0,78.41,0.47,2249.91259989962
"131210095041","Block Group 1; Census Tract 95.04; Fulton County; Georgia",1889,0.00192772053252442,0.811011116993118,0.129168872419269,0.00476442562202223,65362,0,1.94,14.48,0,0,61.45,22.14,1347.21068884559
"131210080003","Block Group 3; Census Tract 80; Fulton County; Georgia",907,0.00188629280933166,0,0.662624035281147,0.337375964718853,29028,0.0707410972088547,0,0,0,0,100.01,0,742.528397679127
"131210092022","Block Group 2; Census Tract 92.02; Fulton County; Georgia",1330,0.00148601358364217,0.293984962406015,0.642105263157895,0.0533834586466165,74717,0.0139130434782609,5.22,4.73,69.17,0.35,13.4,7.11,1385.46721157803
"131210098021","Block Group 1; Census Tract 98.02; Fulton County; Georgia",1589,0.000340624721311784,0.813089993706734,0.0409062303335431,0.0730018879798616,106701,0.00440366972477064,1.7,1.39,0,5.15,91.77,0,4651.14250096492
"130890208011","Block Group 1; Census Tract 208.01; DeKalb County; Georgia",1228,0.00189006859936641,0.633550488599348,0.219869706840391,0.0594462540716612,72128,0.04655248133509,1.15,0.88,0,0,97.64,0,461.675892828819
"130890202001","Block Group 1; Census Tract 202; DeKalb County; Georgia",763,0.000762008776386267,0.880733944954128,0.0275229357798165,0.0288335517693316,82639,0.00590667454223272,0,0.86,0,0,98.88,0,2453.43325288468
"131210015011","Block Group 1; Census Tract 15.01; Fulton County; Georgia",1415,0.00467541981537366,0.773851590106007,0.11095406360424,0.096113074204947,55513,0.0459381044487427,3.31,43.05,0,0,10.34,43.3,2824.83433731477
"131210065001","Block Group 1; Census Tract 65; Fulton County; Georgia",915,0.000805537887067571,0.310382513661202,0.689617486338798,0,41444,0.0798908807482463,1.44,0.5,1.13,39.77,55.63,1.54,1619.0359915902
"131210031002","Block Group 2; Census Tract 31; Fulton County; Georgia",1782,0.00522501460538335,0.287317620650954,0.620650953984287,0.0179573512906846,84327,0.00672430355427474,1.36,18.79,20.93,0,52.09,6.83,2877.41757107808
"131210096061","Block Group 1; Census Tract 96.06; Fulton County; Georgia",1618,0.000974795164490587,0.792954264524104,0.134734239802225,0.0438813349814586,145735,0.0560386473429952,35.06,0.25,2.84,0,54.8,7.08,786.425821054664
"131210077091","Block Group 1; Census Tract 77.09; Fulton County; Georgia",1414,0.000845222670649286,0,0.944130127298444,0.0558698727015559,48889,0.073037542662116,0.46,16.55,1.59,0,30.3,49.27,7243.78239263025
"131210082031","Block Group 1; Census Tract 82.03; Fulton County; Georgia",998,0.000975542368552379,0,1,0,23103,0.0773542600896861,16.22,11.43,0.03,0,72.32,0,2371.58790920388
"131210078071","Block Group 1; Census Tract 78.07; Fulton County; Georgia",517,0.000458543687422176,0.0425531914893617,0.880077369439072,0,18784,0.322064869803563,0,0.02,0,0,99.98,0,1416.53626990821
"131210100041","Block Group 1; Census Tract 100.04; Fulton County; Georgia",1018,0.00107045210840414,0.762278978388998,0.200392927308448,0.0294695481335953,76850,0,12.47,11.64,0,0.81,71.46,3.43,3268.32652019265
"131210088011","Block Group 1; Census Tract 88.01; Fulton County; Georgia",1818,0.000589504462023701,0.51980198019802,0.247524752475248,0.182618261826183,80485,0,1.13,0,45.34,0,44.75,8.78,3830.23863991906
"131210082032","Block Group 2; Census Tract 82.03; Fulton County; Georgia",1537,0.00151605620229176,0.0533506831489915,0.946649316851009,0,23103,0.0773542600896861,0.53,6.05,0,0,89.54,3.88,1838.61867043502
"131210068021","Block Group 1; Census Tract 68.02; Fulton County; Georgia",1521,0.00204890469543371,0.0460223537146614,0.877054569362262,0,9236,0.208872458410351,0.02,3.1,0,0,96.89,0,2795.64951722021
"131210096053","Block Group 3; Census Tract 96.05; Fulton County; Georgia",384,0.00137228425108369,0.356770833333333,0.322916666666667,0.0859375,83722,0,25.51,0,0,0,0,74.5,32.7779084294345
"130890208012","Block Group 2; Census Tract 208.01; DeKalb County; Georgia",1924,0.00268928240595992,0.705301455301455,0.160602910602911,0.0592515592515593,72128,0.04655248133509,2.96,0,1.2,0,94.86,0,1112.52962523685
"131210088022","Block Group 2; Census Tract 88.02; Fulton County; Georgia",943,0.000193151040998793,0.629904559915164,0.262990455991516,0.0116648992576882,83580,0.0591745400298359,0.38,0.7,64.76,0.65,29.57,3.98,3209.48443539632
"130890204002","Block Group 2; Census Tract 204; DeKalb County; Georgia",1158,0.00295619655208556,0.835060449050086,0.0120898100172712,0.0820379965457686,83000,0.00512557662737058,11.39,0.01,10.16,0,78.05,0.38,2542.64118066587
"131210077071","Block Group 1; Census Tract 77.07; Fulton County; Georgia",767,0.000793508525372681,0,1,0,54809,0.0523168908819133,3.3,6.44,0,0,72.94,17.15,5275.15258042763
"131210094102","Block Group 2; Census Tract 94.10; Fulton County; Georgia",1323,0.00818188753776692,0.595616024187453,0.179138321995465,0.167044595616024,70035,0.0225022502250225,0,93.19,0,0,6.81,0,2410.83106727721
"131210053001","Block Group 1; Census Tract 53; Fulton County; Georgia",1755,0.00257397327830644,0.575498575498576,0.284330484330484,0.0638176638176638,69882,0.00540357987166498,9.95,4.8,0.64,0.09,84.49,0,826.137551849247
"131210068011","Block Group 1; Census Tract 68.01; Fulton County; Georgia",1758,0.00266911802774862,0.333902161547213,0.629692832764505,0.00910125142207053,13297,0.289779326364692,0.25,0,0.08,0,99.65,0.01,1930.66251755842
"131210077033","Block Group 3; Census Tract 77.03; Fulton County; Georgia",1420,0.000815341650267283,0,0.935211267605634,0.0429577464788732,32648,0.0438818565400844,0,0.13,0,0,69.16,15.67,5148.90901488417
"131210077052","Block Group 2; Census Tract 77.05; Fulton County; Georgia",1161,0.0011830111951203,0.0120585701981051,0.987941429801895,0,28825,0.0459809264305177,66.38,0,0,32.33,0,1.29,6136.45750935074
"131210002022","Block Group 2; Census Tract 2.02; Fulton County; Georgia",1344,0.00231350199757764,0.81547619047619,0.0260416666666667,0.0319940476190476,112365,0.0415575916230366,9.84,0,0,0,90,0.17,1975.23151057425
"131210083012","Block Group 2; Census Tract 83.01; Fulton County; Georgia",383,0.000713062352739919,0.0783289817232376,0.765013054830287,0,29898,0.290484140233723,2.98,6.62,0,0,90.4,0,1751.17086567928
"131210091033","Block Group 3; Census Tract 91.03; Fulton County; Georgia",1205,0.00296637694804136,0.704564315352697,0.16597510373444,0.106224066390041,68108,0.00399419026870007,17.02,25.41,2.32,0.45,54.78,0,2563.08576826083
"131210096042","Block Group 2; Census Tract 96.04; Fulton County; Georgia",618,0.00313845015474763,0.773462783171521,0.0517799352750809,0.174757281553398,66692,0,0,34.16,0,0,65.4,0.43,1468.01836474098
"131210099002","Block Group 2; Census Tract 99; Fulton County; Georgia",1063,0.000397787281363714,1,0,0,90190,0,0,0,0,0,99.99,0,2726.44940925558
"130890202002","Block Group 2; Census Tract 202; DeKalb County; Georgia",1197,0.0023545450275659,0.695071010860485,0.0350877192982456,0.214703425229741,82639,0.00590667454223272,0,19.82,0,0,80.06,0,3088.72002803255
"131210094062","Block Group 2; Census Tract 94.06; Fulton County; Georgia",1037,0.00206386476760763,0.26808100289296,0.322082931533269,0.235294117647059,64030,0.0097020097020097,43.3,16.46,0,32.09,8.05,0,861.255672280108
"131210042001","Block Group 1; Census Tract 42; Fulton County; Georgia",846,0.00269018131696334,0,1,0,16663,0.261992619926199,0,51.51,0,37.29,0,11.21,594.377213555896
"131210070012","Block Group 2; Census Tract 70.01; Fulton County; Georgia",956,0.000517670737785315,0.0324267782426778,0.944560669456067,0,19082,0.18472395184724,0.06,0,0.02,0,99.91,0,1471.86989029161
"131210100042","Block Group 2; Census Tract 100.04; Fulton County; Georgia",1203,0.00151006827127226,0.547797173732336,0.168744804655029,0.221113881961762,76850,0,0,0,0,0,99.62,0,3778.1945660801
"131210099003","Block Group 3; Census Tract 99; Fulton County; Georgia",476,0.000361771204798252,0.932773109243697,0,0,90190,0,0,0,0,0,100,0,4147.34602303182
"131210041001","Block Group 1; Census Tract 41; Fulton County; Georgia",431,0.00137921642658638,0.180974477958237,0.508120649651972,0.296983758700696,38450,0.0644959298685034,0,0.09,0,0,93.16,6.76,1121.99335105992
"131210087012","Block Group 2; Census Tract 87.01; Fulton County; Georgia",1715,0.0012353483896251,0.0483965014577259,0.951603498542274,0,26286,0.12590799031477,1.94,36.27,0,0,55.69,6.1,2147.00153951093
"131210081033","Block Group 3; Census Tract 81.03; Fulton County; Georgia",1537,0.00123803343354227,0,0.759271307742355,0,23299,0.193524650478293,14.65,32.99,0,0,52.37,0,1930.07207935974
"131210087021","Block Group 1; Census Tract 87.02; Fulton County; Georgia",1211,0.000585040680064979,0.337737407101569,0.656482246077622,0.000825763831544178,50515,0.069743051914001,0.04,13.92,43.87,0,7.07,35.08,2020.02186704099
"131210092021","Block Group 1; Census Tract 92.02; Fulton County; Georgia",1486,0.00254587341417333,0.748317631224764,0.15814266487214,0.0323014804845222,74717,0.0139130434782609,9.53,3.15,9.02,6.75,63.72,7.85,1929.13359585389
"131210029002","Block Group 2; Census Tract 29; Fulton County; Georgia",1063,0.00417378155889013,0.599247412982126,0.126058325493885,0.149576669802446,62228,0.0477157360406091,7.55,8.62,2.76,0.08,34.26,46.73,2050.85274547681
"131210096043","Block Group 3; Census Tract 96.04; Fulton County; Georgia",543,0.000884291777157794,1,0,0,66692,0,3.69,0.68,0,0.29,80.52,14.81,843.516260956571
"131210067022","Block Group 2; Census Tract 67.02; Fulton County; Georgia",894,0.000611440875575209,0.0782997762863535,0.696868008948546,0.0134228187919463,43818,0.121332275971451,7.55,12.18,42.81,0,36.8,0.65,267.004947839263
"131210082043","Block Group 3; Census Tract 82.04; Fulton County; Georgia",1168,0.000903693037539857,0.011986301369863,0.854452054794521,0.011986301369863,35229,0.0827517447657029,0.07,6.92,6.81,0,81.85,4.35,2459.75849350276
"131210006011","Block Group 1; Census Tract 6.01; Fulton County; Georgia",1938,0.00365813776410644,0.379772961816305,0.347265221878225,0.187306501547988,33043,0.0603060306030603,0.74,0.05,48.06,0,0.04,51.03,730.05725917996
"131210007001","Block Group 1; Census Tract 7; Fulton County; Georgia",879,0.000549307701168666,0.607508532423208,0.249146757679181,0.0455062571103527,24457,0.209179834462002,8.49,0.86,45.45,0,22.87,22.3,1851.24589208486
"131210055031","Block Group 1; Census Tract 55.03; Fulton County; Georgia",862,0.00441003075101377,0,0.990719257540603,0.00928074245939675,17634,0.209700427960057,10.64,89.36,0,0,0,0,1703.17258113453
"130890208021","Block Group 1; Census Tract 208.02; DeKalb County; Georgia",310,0.000996570275725394,0,1,0,66113,0.055625,11.84,57.27,0,0,30.4,0,1412.32914026538
"131210070023","Block Group 3; Census Tract 70.02; Fulton County; Georgia",818,0.00129175122587094,0.0733496332518337,0.903422982885086,0,27379,0.129132231404959,2.46,2.91,0,0,92.07,2.55,1789.18159606091
"131210087011","Block Group 1; Census Tract 87.01; Fulton County; Georgia",1122,0.000594077671784278,0.127450980392157,0.647058823529412,0.0196078431372549,26286,0.12590799031477,0.61,4.53,60.11,0,32.47,2.26,3499.24790102684
"131210078091","Block Group 1; Census Tract 78.09; Fulton County; Georgia",962,0.000834575180377301,0,0.974012474012474,0.025987525987526,33482,0.118687680926343,0,0.39,0,0,82.93,16.64,6127.52671108921
"131210094092","Block Group 2; Census Tract 94.09; Fulton County; Georgia",1126,0.0039538639130962,0.401420959147425,0.293960923623446,0.30461811722913,43281,0.0857338820301783,1.64,60.41,0,0,37.96,0,1245.8751715341
"131210078062","Block Group 2; Census Tract 78.06; Fulton County; Georgia",1878,0.00148868708778563,0,0.772630457933972,0.0372736954206603,31958,0.0827586206896552,4.44,1.43,0,0,94.13,0,838.800061217774
"131210096012","Block Group 2; Census Tract 96.01; Fulton County; Georgia",1660,0.00479693400561031,0.606024096385542,0.20421686746988,0.160240963855422,73481,0.0169638973466725,1.72,38.62,0,39.13,20.55,0,1180.10861189799
"131210083022","Block Group 2; Census Tract 83.02; Fulton County; Georgia",1108,0.00126091920409175,0.0532490974729242,0.927797833935018,0.0072202166064982,17604,0.197290431837426,0.89,13.01,0,0.04,87.88,0,2428.05059635354
"131210093023","Block Group 3; Census Tract 93.02; Fulton County; Georgia",410,0.00427676878434702,0.839024390243902,0.160975609756098,0,82756,0,0.02,96.96,0.05,0,2.97,0,791.165956557506
"131210035002","Block Group 2; Census Tract 35; Fulton County; Georgia",1881,0.00230947920961041,0.199893673577884,0.788410419989367,0.0116959064327485,37455,0.12610712779418,66.15,0,0,0,0,33.85,540.472730287548
"131210100033","Block Group 3; Census Tract 100.03; Fulton County; Georgia",576,0.000833723173228736,0.690972222222222,0.232638888888889,0.0347222222222222,86201,0.044466082440766,10.05,3.7,0,27.97,58.28,0,1477.22284558077
"131210065004","Block Group 4; Census Tract 65; Fulton County; Georgia",499,0.00119702421209444,0.474949899799599,0.438877755511022,0.064128256513026,41444,0.0798908807482463,4.55,0,0,0,95.46,0,2282.80741012309
"131210066021","Block Group 1; Census Tract 66.02; Fulton County; Georgia",829,0.00132029928402349,0.0193003618817853,0.960193003618818,0,18516,0.318965517241379,4.54,7.78,0.55,0,74.13,13,2122.69048975372
"131210094082","Block Group 2; Census Tract 94.08; Fulton County; Georgia",595,0.00137432546739353,0.46890756302521,0.329411764705882,0.2,45648,0.0223463687150838,49.13,32.53,5.43,1.53,11.39,0,772.466676052359
"131210081041","Block Group 1; Census Tract 81.04; Fulton County; Georgia",1709,0.000576074931298554,0.0257460503218256,0.974253949678174,0,28125,0.0979381443298969,7.77,1.68,1.15,0,88.99,0.41,2381.65423621312
"131210095031","Block Group 1; Census Tract 95.03; Fulton County; Georgia",935,0.00591015920406422,0.532620320855615,0.329411764705882,0.12620320855615,38750,0.119620253164557,41.19,49.08,0,0,9.73,0,1205.38564592712
"131210011021","Block Group 1; Census Tract 11.02; Fulton County; Georgia",1589,0.014042774263248,0.820641913152926,0.0881057268722467,0.0578980490874764,85901,0.00549095607235142,0,92.34,0,0,7.56,0.09,394.959246218015
"131210077082","Block Group 2; Census Tract 77.08; Fulton County; Georgia",1219,0.000522802793169044,0.0500410172272354,0.947497949138638,0,40439,0.0629849383842994,0,7.95,0,0,92.05,0,3196.25302693167
"131210093021","Block Group 1; Census Tract 93.02; Fulton County; Georgia",898,0.00150876537621676,0.645879732739421,0.122494432071269,0.0556792873051225,82756,0,0.41,5.4,8.38,0,85.81,0,519.765197533777
"131210089062","Block Group 2; Census Tract 89.06; Fulton County; Georgia",1519,0.00112012334780376,0.78604344963792,0.086899275839368,0.0836076366030283,90000,0.112422709387296,1.78,6.09,35.75,0,56.43,0,5054.54919484292
"131210070011","Block Group 1; Census Tract 70.01; Fulton County; Georgia",568,0.000811920204599391,0.464788732394366,0.466549295774648,0.0686619718309859,19082,0.18472395184724,1.3,0,0,0,98.7,0,2030.99415931513
